<annotation><folder>0--Parade</folder><filename>0_Parade_Parade_0_202.jpg</filename><path>0--Parade/0_Parade_Parade_0_202.jpg</path><source><database>Unknown</database></source><size><width>1024</width><height>684</height><depth>3</depth></size><segmented>0</segmented><object><name>face</name><pose>Unspecified</pose><truncated>0</truncated><difficult>0</difficult><bndbox><xmin>980</xmin><ymin>288</ymin><xmax>993</xmax><ymax>305</ymax></bndbox></object><object><name>face</name><pose>Unspecified</pose><truncated>0</truncated><difficult>0</difficult><bndbox><xmin>944</xmin><ymin>289</ymin><xmax>960</xmax><ymax>306</ymax></bndbox></object><object><name>face</name><pose>Unspecified</pose><truncated>0</truncated><difficult>0</difficult><bndbox><xmin>911</xmin><ymin>256</ymin><xmax>926</xmax><ymax>275</ymax></bndbox></object><object><name>face</name><pose>Unspecified</pose><truncated>0</truncated><difficult>0</difficult><bndbox><xmin>860</xmin><ymin>273</ymin><xmax>875</xmax><ymax>291</ymax></bndbox></object><object><name>face</name><pose>Unspecified</pose><truncated>0</truncated><difficult>0</difficult><bndbox><xmin>833</xmin><ymin>262</ymin><xmax>847</xmax><ymax>281</ymax></bndbox></object><object><name>face</name><pose>Unspecified</pose><truncated>0</truncated><difficult>0</difficult><bndbox><xmin>831</xmin><ymin>215</ymin><xmax>843</xmax><ymax>227</ymax></bndbox></object><object><name>face</name><pose>Unspecified</pose><truncated>0</truncated><difficult>0</difficult><bndbox><xmin>864</xmin><ymin>190</ymin><xmax>879</xmax><ymax>208</ymax></bndbox></object><object><name>face</name><pose>Unspecified</pose><truncated>0</truncated><difficult>0</difficult><bndbox><xmin>884</xmin><ymin>190</ymin><xmax>898</xmax><ymax>209</ymax></bndbox></object><object><name>face</name><pose>Unspecified</pose><truncated>0</truncated><difficult>0</difficult><bndbox><xmin>944</xmin><ymin>199</ymin><xmax>958</xmax><ymax>217</ymax></bndbox></object><object><name>face</name><pose>Unspecified</pose><truncated>0</truncated><difficult>0</difficult><bndbox><xmin>982</xmin><ymin>199</ymin><xmax>996</xmax><ymax>217</ymax></bndbox></object><object><name>face</name><pose>Unspecified</pose><truncated>0</truncated><difficult>0</difficult><bndbox><xmin>1013</xmin><ymin>202</ymin><xmax>1024</xmax><ymax>220</ymax></bndbox></object><object><name>face</name><pose>Unspecified</pose><truncated>0</truncated><difficult>0</difficult><bndbox><xmin>827</xmin><ymin>199</ymin><xmax>840</xmax><ymax>214</ymax></bndbox></object><object><name>face</name><pose>Unspecified</pose><truncated>0</truncated><difficult>0</difficult><bndbox><xmin>781</xmin><ymin>199</ymin><xmax>798</xmax><ymax>216</ymax></bndbox></object><object><name>face</name><pose>Unspecified</pose><truncated>0</truncated><difficult>0</difficult><bndbox><xmin>770</xmin><ymin>270</ymin><xmax>793</xmax><ymax>298</ymax></bndbox></object><object><name>face</name><pose>Unspecified</pose><truncated>0</truncated><difficult>0</difficult><bndbox><xmin>551</xmin><ymin>242</ymin><xmax>582</xmax><ymax>281</ymax></bndbox></object><object><name>face</name><pose>Unspecified</pose><truncated>0</truncated><difficult>0</difficult><bndbox><xmin>506</xmin><ymin>199</ymin><xmax>536</xmax><ymax>239</ymax></bndbox></object><object><name>face</name><pose>Unspecified</pose><truncated>0</truncated><difficult>0</difficult><bndbox><xmin>562</xmin><ymin>195</ymin><xmax>573</xmax><ymax>209</ymax></bndbox></object><object><name>face</name><pose>Unspecified</pose><truncated>0</truncated><difficult>0</difficult><bndbox><xmin>606</xmin><ymin>213</ymin><xmax>627</xmax><ymax>249</ymax></bndbox></object><object><name>face</name><pose>Unspecified</pose><truncated>0</truncated><difficult>0</difficult><bndbox><xmin>403</xmin><ymin>226</ymin><xmax>425</xmax><ymax>257</ymax></bndbox></object><object><name>face</name><pose>Unspecified</pose><truncated>0</truncated><difficult>0</difficult><bndbox><xmin>497</xmin><ymin>177</ymin><xmax>508</xmax><ymax>193</ymax></bndbox></object><object><name>face</name><pose>Unspecified</pose><truncated>0</truncated><difficult>0</difficult><bndbox><xmin>334</xmin><ymin>196</ymin><xmax>366</xmax><ymax>232</ymax></bndbox></object><object><name>face</name><pose>Unspecified</pose><truncated>0</truncated><difficult>0</difficult><bndbox><xmin>303</xmin><ymin>216</ymin><xmax>327</xmax><ymax>248</ymax></bndbox></object><object><name>face</name><pose>Unspecified</pose><truncated>0</truncated><difficult>0</difficult><bndbox><xmin>270</xmin><ymin>156</ymin><xmax>293</xmax><ymax>182</ymax></bndbox></object><object><name>face</name><pose>Unspecified</pose><truncated>0</truncated><difficult>0</difficult><bndbox><xmin>349</xmin><ymin>171</ymin><xmax>362</xmax><ymax>187</ymax></bndbox></object><object><name>face</name><pose>Unspecified</pose><truncated>0</truncated><difficult>0</difficult><bndbox><xmin>387</xmin><ymin>194</ymin><xmax>400</xmax><ymax>208</ymax></bndbox></object><object><name>face</name><pose>Unspecified</pose><truncated>0</truncated><difficult>0</difficult><bndbox><xmin>448</xmin><ymin>195</ymin><xmax>460</xmax><ymax>209</ymax></bndbox></object><object><name>face</name><pose>Unspecified</pose><truncated>0</truncated><difficult>0</difficult><bndbox><xmin>85</xmin><ymin>256</ymin><xmax>110</xmax><ymax>285</ymax></bndbox></object><object><name>face</name><pose>Unspecified</pose><truncated>0</truncated><difficult>0</difficult><bndbox><xmin>83</xmin><ymin>205</ymin><xmax>109</xmax><ymax>228</ymax></bndbox></object><object><name>face</name><pose>Unspecified</pose><truncated>0</truncated><difficult>0</difficult><bndbox><xmin>124</xmin><ymin>155</ymin><xmax>147</xmax><ymax>183</ymax></bndbox></object><object><name>face</name><pose>Unspecified</pose><truncated>0</truncated><difficult>0</difficult><bndbox><xmin>191</xmin><ymin>216</ymin><xmax>200</xmax><ymax>229</ymax></bndbox></object><object><name>face</name><pose>Unspecified</pose><truncated>0</truncated><difficult>0</difficult><bndbox><xmin>449</xmin><ymin>49</ymin><xmax>458</xmax><ymax>61</ymax></bndbox></object><object><name>face</name><pose>Unspecified</pose><truncated>0</truncated><difficult>0</difficult><bndbox><xmin>478</xmin><ymin>49</ymin><xmax>486</xmax><ymax>59</ymax></bndbox></object><object><name>face</name><pose>Unspecified</pose><truncated>0</truncated><difficult>0</difficult><bndbox><xmin>490</xmin><ymin>52</ymin><xmax>498</xmax><ymax>63</ymax></bndbox></object><object><name>face</name><pose>Unspecified</pose><truncated>0</truncated><difficult>0</difficult><bndbox><xmin>414</xmin><ymin>43</ymin><xmax>423</xmax><ymax>55</ymax></bndbox></object><object><name>face</name><pose>Unspecified</pose><truncated>0</truncated><difficult>0</difficult><bndbox><xmin>150</xmin><ymin>10</ymin><xmax>159</xmax><ymax>20</ymax></bndbox></object><object><name>face</name><pose>Unspecified</pose><truncated>0</truncated><difficult>0</difficult><bndbox><xmin>168</xmin><ymin>9</ymin><xmax>176</xmax><ymax>18</ymax></bndbox></object><object><name>face</name><pose>Unspecified</pose><truncated>0</truncated><difficult>0</difficult><bndbox><xmin>113</xmin><ymin>32</ymin><xmax>122</xmax><ymax>42</ymax></bndbox></object><object><name>face</name><pose>Unspecified</pose><truncated>0</truncated><difficult>0</difficult><bndbox><xmin>93</xmin><ymin>34</ymin><xmax>101</xmax><ymax>42</ymax></bndbox></object><object><name>face</name><pose>Unspecified</pose><truncated>0</truncated><difficult>0</difficult><bndbox><xmin>80</xmin><ymin>28</ymin><xmax>88</xmax><ymax>39</ymax></bndbox></object><object><name>face</name><pose>Unspecified</pose><truncated>0</truncated><difficult>0</difficult><bndbox><xmin>897</xmin><ymin>214</ymin><xmax>911</xmax><ymax>231</ymax></bndbox></object><object><name>face</name><pose>Unspecified</pose><truncated>0</truncated><difficult>0</difficult><bndbox><xmin>772</xmin><ymin>185</ymin><xmax>783</xmax><ymax>200</ymax></bndbox></object><object><name>face</name><pose>Unspecified</pose><truncated>0</truncated><difficult>0</difficult><bndbox><xmin>961</xmin><ymin>189</ymin><xmax>975</xmax><ymax>210</ymax></bndbox></object><object><name>face</name><pose>Unspecified</pose><truncated>0</truncated><difficult>0</difficult><bndbox><xmin>381</xmin><ymin>68</ymin><xmax>390</xmax><ymax>80</ymax></bndbox></object><object><name>face</name><pose>Unspecified</pose><truncated>0</truncated><difficult>0</difficult><bndbox><xmin>417</xmin><ymin>76</ymin><xmax>424</xmax><ymax>87</ymax></bndbox></object><object><name>face</name><pose>Unspecified</pose><truncated>0</truncated><difficult>0</difficult><bndbox><xmin>492</xmin><ymin>209</ymin><xmax>516</xmax><ymax>244</ymax></bndbox></object></annotation>