<annotation><folder>0--Parade</folder><filename>0_Parade_Parade_0_371.jpg</filename><path>0--Parade/0_Parade_Parade_0_371.jpg</path><source><database>Unknown</database></source><size><width>1024</width><height>672</height><depth>3</depth></size><segmented>0</segmented><object><name>face</name><pose>Unspecified</pose><truncated>0</truncated><difficult>0</difficult><bndbox><xmin>188</xmin><ymin>140</ymin><xmax>310</xmax><ymax>314</ymax></bndbox></object><object><name>face</name><pose>Unspecified</pose><truncated>0</truncated><difficult>0</difficult><bndbox><xmin>316</xmin><ymin>114</ymin><xmax>394</xmax><ymax>240</ymax></bndbox></object><object><name>face</name><pose>Unspecified</pose><truncated>0</truncated><difficult>0</difficult><bndbox><xmin>424</xmin><ymin>92</ymin><xmax>520</xmax><ymax>244</ymax></bndbox></object><object><name>face</name><pose>Unspecified</pose><truncated>0</truncated><difficult>0</difficult><bndbox><xmin>576</xmin><ymin>128</ymin><xmax>650</xmax><ymax>252</ymax></bndbox></object><object><name>face</name><pose>Unspecified</pose><truncated>0</truncated><difficult>0</difficult><bndbox><xmin>700</xmin><ymin>120</ymin><xmax>826</xmax><ymax>296</ymax></bndbox></object></annotation>