<annotation><folder>0--Parade</folder><filename>0_Parade_Parade_0_819.jpg</filename><path>0--Parade/0_Parade_Parade_0_819.jpg</path><source><database>Unknown</database></source><size><width>1024</width><height>746</height><depth>3</depth></size><segmented>0</segmented><object><name>face</name><pose>Unspecified</pose><truncated>0</truncated><difficult>0</difficult><bndbox><xmin>455</xmin><ymin>308</ymin><xmax>494</xmax><ymax>353</ymax></bndbox></object><object><name>face</name><pose>Unspecified</pose><truncated>0</truncated><difficult>0</difficult><bndbox><xmin>249</xmin><ymin>716</ymin><xmax>260</xmax><ymax>730</ymax></bndbox></object><object><name>face</name><pose>Unspecified</pose><truncated>0</truncated><difficult>0</difficult><bndbox><xmin>298</xmin><ymin>728</ymin><xmax>306</xmax><ymax>739</ymax></bndbox></object><object><name>face</name><pose>Unspecified</pose><truncated>0</truncated><difficult>0</difficult><bndbox><xmin>337</xmin><ymin>730</ymin><xmax>347</xmax><ymax>742</ymax></bndbox></object><object><name>face</name><pose>Unspecified</pose><truncated>0</truncated><difficult>0</difficult><bndbox><xmin>644</xmin><ymin>725</ymin><xmax>654</xmax><ymax>735</ymax></bndbox></object><object><name>face</name><pose>Unspecified</pose><truncated>0</truncated><difficult>0</difficult><bndbox><xmin>671</xmin><ymin>705</ymin><xmax>682</xmax><ymax>717</ymax></bndbox></object></annotation>