<annotation><folder>0--Parade</folder><filename>0_Parade_Parade_0_178.jpg</filename><path>0--Parade/0_Parade_Parade_0_178.jpg</path><source><database>Unknown</database></source><size><width>1024</width><height>668</height><depth>3</depth></size><segmented>0</segmented><object><name>face</name><pose>Unspecified</pose><truncated>0</truncated><difficult>0</difficult><bndbox><xmin>164</xmin><ymin>84</ymin><xmax>226</xmax><ymax>164</ymax></bndbox></object><object><name>face</name><pose>Unspecified</pose><truncated>0</truncated><difficult>0</difficult><bndbox><xmin>346</xmin><ymin>72</ymin><xmax>404</xmax><ymax>166</ymax></bndbox></object><object><name>face</name><pose>Unspecified</pose><truncated>0</truncated><difficult>0</difficult><bndbox><xmin>464</xmin><ymin>94</ymin><xmax>534</xmax><ymax>172</ymax></bndbox></object><object><name>face</name><pose>Unspecified</pose><truncated>0</truncated><difficult>0</difficult><bndbox><xmin>634</xmin><ymin>110</ymin><xmax>700</xmax><ymax>174</ymax></bndbox></object><object><name>face</name><pose>Unspecified</pose><truncated>0</truncated><difficult>0</difficult><bndbox><xmin>780</xmin><ymin>106</ymin><xmax>844</xmax><ymax>190</ymax></bndbox></object></annotation>