<annotation><folder>0--Parade</folder><filename>0_Parade_Parade_0_359.jpg</filename><path>0--Parade/0_Parade_Parade_0_359.jpg</path><source><database>Unknown</database></source><size><width>1024</width><height>681</height><depth>3</depth></size><segmented>0</segmented><object><name>face</name><pose>Unspecified</pose><truncated>0</truncated><difficult>0</difficult><bndbox><xmin>48</xmin><ymin>189</ymin><xmax>77</xmax><ymax>222</ymax></bndbox></object><object><name>face</name><pose>Unspecified</pose><truncated>0</truncated><difficult>0</difficult><bndbox><xmin>102</xmin><ymin>190</ymin><xmax>122</xmax><ymax>219</ymax></bndbox></object><object><name>face</name><pose>Unspecified</pose><truncated>0</truncated><difficult>0</difficult><bndbox><xmin>117</xmin><ymin>233</ymin><xmax>147</xmax><ymax>274</ymax></bndbox></object><object><name>face</name><pose>Unspecified</pose><truncated>0</truncated><difficult>0</difficult><bndbox><xmin>164</xmin><ymin>216</ymin><xmax>199</xmax><ymax>252</ymax></bndbox></object><object><name>face</name><pose>Unspecified</pose><truncated>0</truncated><difficult>0</difficult><bndbox><xmin>197</xmin><ymin>173</ymin><xmax>229</xmax><ymax>204</ymax></bndbox></object><object><name>face</name><pose>Unspecified</pose><truncated>0</truncated><difficult>0</difficult><bndbox><xmin>230</xmin><ymin>196</ymin><xmax>264</xmax><ymax>231</ymax></bndbox></object><object><name>face</name><pose>Unspecified</pose><truncated>0</truncated><difficult>0</difficult><bndbox><xmin>297</xmin><ymin>213</ymin><xmax>330</xmax><ymax>256</ymax></bndbox></object><object><name>face</name><pose>Unspecified</pose><truncated>0</truncated><difficult>0</difficult><bndbox><xmin>311</xmin><ymin>170</ymin><xmax>340</xmax><ymax>205</ymax></bndbox></object><object><name>face</name><pose>Unspecified</pose><truncated>0</truncated><difficult>0</difficult><bndbox><xmin>354</xmin><ymin>239</ymin><xmax>386</xmax><ymax>276</ymax></bndbox></object><object><name>face</name><pose>Unspecified</pose><truncated>0</truncated><difficult>0</difficult><bndbox><xmin>429</xmin><ymin>182</ymin><xmax>460</xmax><ymax>219</ymax></bndbox></object><object><name>face</name><pose>Unspecified</pose><truncated>0</truncated><difficult>0</difficult><bndbox><xmin>496</xmin><ymin>200</ymin><xmax>532</xmax><ymax>242</ymax></bndbox></object><object><name>face</name><pose>Unspecified</pose><truncated>0</truncated><difficult>0</difficult><bndbox><xmin>484</xmin><ymin>173</ymin><xmax>518</xmax><ymax>207</ymax></bndbox></object><object><name>face</name><pose>Unspecified</pose><truncated>0</truncated><difficult>0</difficult><bndbox><xmin>558</xmin><ymin>184</ymin><xmax>585</xmax><ymax>222</ymax></bndbox></object><object><name>face</name><pose>Unspecified</pose><truncated>0</truncated><difficult>0</difficult><bndbox><xmin>632</xmin><ymin>176</ymin><xmax>659</xmax><ymax>214</ymax></bndbox></object><object><name>face</name><pose>Unspecified</pose><truncated>0</truncated><difficult>0</difficult><bndbox><xmin>680</xmin><ymin>197</ymin><xmax>714</xmax><ymax>240</ymax></bndbox></object><object><name>face</name><pose>Unspecified</pose><truncated>0</truncated><difficult>0</difficult><bndbox><xmin>723</xmin><ymin>191</ymin><xmax>751</xmax><ymax>226</ymax></bndbox></object><object><name>face</name><pose>Unspecified</pose><truncated>0</truncated><difficult>0</difficult><bndbox><xmin>764</xmin><ymin>183</ymin><xmax>787</xmax><ymax>221</ymax></bndbox></object><object><name>face</name><pose>Unspecified</pose><truncated>0</truncated><difficult>0</difficult><bndbox><xmin>789</xmin><ymin>197</ymin><xmax>808</xmax><ymax>228</ymax></bndbox></object><object><name>face</name><pose>Unspecified</pose><truncated>0</truncated><difficult>0</difficult><bndbox><xmin>827</xmin><ymin>196</ymin><xmax>849</xmax><ymax>226</ymax></bndbox></object><object><name>face</name><pose>Unspecified</pose><truncated>0</truncated><difficult>0</difficult><bndbox><xmin>891</xmin><ymin>184</ymin><xmax>925</xmax><ymax>236</ymax></bndbox></object><object><name>face</name><pose>Unspecified</pose><truncated>0</truncated><difficult>0</difficult><bndbox><xmin>927</xmin><ymin>172</ymin><xmax>951</xmax><ymax>201</ymax></bndbox></object><object><name>face</name><pose>Unspecified</pose><truncated>0</truncated><difficult>0</difficult><bndbox><xmin>974</xmin><ymin>186</ymin><xmax>1002</xmax><ymax>221</ymax></bndbox></object><object><name>face</name><pose>Unspecified</pose><truncated>0</truncated><difficult>0</difficult><bndbox><xmin>816</xmin><ymin>206</ymin><xmax>836</xmax><ymax>230</ymax></bndbox></object><object><name>face</name><pose>Unspecified</pose><truncated>0</truncated><difficult>0</difficult><bndbox><xmin>2</xmin><ymin>189</ymin><xmax>26</xmax><ymax>219</ymax></bndbox></object><object><name>face</name><pose>Unspecified</pose><truncated>0</truncated><difficult>0</difficult><bndbox><xmin>0</xmin><ymin>234</ymin><xmax>19</xmax><ymax>266</ymax></bndbox></object></annotation>