<annotation><folder>0--Parade</folder><filename>0_Parade_Parade_0_138.jpg</filename><path>0--Parade/0_Parade_Parade_0_138.jpg</path><source><database>Unknown</database></source><size><width>1024</width><height>768</height><depth>3</depth></size><segmented>0</segmented><object><name>face</name><pose>Unspecified</pose><truncated>0</truncated><difficult>0</difficult><bndbox><xmin>220</xmin><ymin>286</ymin><xmax>243</xmax><ymax>321</ymax></bndbox></object><object><name>face</name><pose>Unspecified</pose><truncated>0</truncated><difficult>0</difficult><bndbox><xmin>373</xmin><ymin>329</ymin><xmax>392</xmax><ymax>353</ymax></bndbox></object><object><name>face</name><pose>Unspecified</pose><truncated>0</truncated><difficult>0</difficult><bndbox><xmin>575</xmin><ymin>287</ymin><xmax>594</xmax><ymax>311</ymax></bndbox></object><object><name>face</name><pose>Unspecified</pose><truncated>0</truncated><difficult>0</difficult><bndbox><xmin>521</xmin><ymin>286</ymin><xmax>538</xmax><ymax>308</ymax></bndbox></object><object><name>face</name><pose>Unspecified</pose><truncated>0</truncated><difficult>0</difficult><bndbox><xmin>697</xmin><ymin>374</ymin><xmax>710</xmax><ymax>393</ymax></bndbox></object><object><name>face</name><pose>Unspecified</pose><truncated>0</truncated><difficult>0</difficult><bndbox><xmin>639</xmin><ymin>367</ymin><xmax>650</xmax><ymax>386</ymax></bndbox></object><object><name>face</name><pose>Unspecified</pose><truncated>0</truncated><difficult>0</difficult><bndbox><xmin>786</xmin><ymin>377</ymin><xmax>799</xmax><ymax>393</ymax></bndbox></object><object><name>face</name><pose>Unspecified</pose><truncated>0</truncated><difficult>0</difficult><bndbox><xmin>995</xmin><ymin>511</ymin><xmax>1001</xmax><ymax>517</ymax></bndbox></object><object><name>face</name><pose>Unspecified</pose><truncated>0</truncated><difficult>0</difficult><bndbox><xmin>1008</xmin><ymin>511</ymin><xmax>1012</xmax><ymax>517</ymax></bndbox></object><object><name>face</name><pose>Unspecified</pose><truncated>0</truncated><difficult>0</difficult><bndbox><xmin>1016</xmin><ymin>501</ymin><xmax>1020</xmax><ymax>508</ymax></bndbox></object><object><name>face</name><pose>Unspecified</pose><truncated>0</truncated><difficult>0</difficult><bndbox><xmin>1004</xmin><ymin>493</ymin><xmax>1008</xmax><ymax>499</ymax></bndbox></object></annotation>