<annotation><folder>0--Parade</folder><filename>0_Parade_marchingband_1_117.jpg</filename><path>0--Parade/0_Parade_marchingband_1_117.jpg</path><source><database>Unknown</database></source><size><width>1024</width><height>682</height><depth>3</depth></size><segmented>0</segmented><object><name>face</name><pose>Unspecified</pose><truncated>0</truncated><difficult>0</difficult><bndbox><xmin>69</xmin><ymin>359</ymin><xmax>119</xmax><ymax>395</ymax></bndbox></object><object><name>face</name><pose>Unspecified</pose><truncated>0</truncated><difficult>0</difficult><bndbox><xmin>227</xmin><ymin>382</ymin><xmax>283</xmax><ymax>425</ymax></bndbox></object><object><name>face</name><pose>Unspecified</pose><truncated>0</truncated><difficult>0</difficult><bndbox><xmin>296</xmin><ymin>305</ymin><xmax>340</xmax><ymax>331</ymax></bndbox></object><object><name>face</name><pose>Unspecified</pose><truncated>0</truncated><difficult>0</difficult><bndbox><xmin>353</xmin><ymin>280</ymin><xmax>393</xmax><ymax>316</ymax></bndbox></object><object><name>face</name><pose>Unspecified</pose><truncated>0</truncated><difficult>0</difficult><bndbox><xmin>885</xmin><ymin>377</ymin><xmax>948</xmax><ymax>418</ymax></bndbox></object><object><name>face</name><pose>Unspecified</pose><truncated>0</truncated><difficult>0</difficult><bndbox><xmin>819</xmin><ymin>391</ymin><xmax>853</xmax><ymax>434</ymax></bndbox></object><object><name>face</name><pose>Unspecified</pose><truncated>0</truncated><difficult>0</difficult><bndbox><xmin>727</xmin><ymin>342</ymin><xmax>764</xmax><ymax>373</ymax></bndbox></object><object><name>face</name><pose>Unspecified</pose><truncated>0</truncated><difficult>0</difficult><bndbox><xmin>598</xmin><ymin>246</ymin><xmax>631</xmax><ymax>275</ymax></bndbox></object><object><name>face</name><pose>Unspecified</pose><truncated>0</truncated><difficult>0</difficult><bndbox><xmin>740</xmin><ymin>308</ymin><xmax>785</xmax><ymax>341</ymax></bndbox></object></annotation>