<annotation><folder>10--People_Marching</folder><filename>10_People_Marching_People_Marching_2_790.jpg</filename><path>10--People_Marching/10_People_Marching_People_Marching_2_790.jpg</path><source><database>Unknown</database></source><size><width>1024</width><height>682</height><depth>3</depth></size><segmented>0</segmented><object><name>face</name><pose>Unspecified</pose><truncated>0</truncated><difficult>0</difficult><bndbox><xmin>436</xmin><ymin>232</ymin><xmax>588</xmax><ymax>410</ymax></bndbox></object><object><name>face</name><pose>Unspecified</pose><truncated>0</truncated><difficult>0</difficult><bndbox><xmin>560</xmin><ymin>200</ymin><xmax>678</xmax><ymax>340</ymax></bndbox></object><object><name>face</name><pose>Unspecified</pose><truncated>0</truncated><difficult>0</difficult><bndbox><xmin>698</xmin><ymin>228</ymin><xmax>778</xmax><ymax>340</ymax></bndbox></object><object><name>face</name><pose>Unspecified</pose><truncated>0</truncated><difficult>0</difficult><bndbox><xmin>48</xmin><ymin>346</ymin><xmax>132</xmax><ymax>458</ymax></bndbox></object></annotation>