<annotation><folder>10--People_Marching</folder><filename>10_People_Marching_People_Marching_2_705.jpg</filename><path>10--People_Marching/10_People_Marching_People_Marching_2_705.jpg</path><source><database>Unknown</database></source><size><width>1024</width><height>361</height><depth>3</depth></size><segmented>0</segmented><object><name>face</name><pose>Unspecified</pose><truncated>0</truncated><difficult>0</difficult><bndbox><xmin>888</xmin><ymin>101</ymin><xmax>926</xmax><ymax>143</ymax></bndbox></object><object><name>face</name><pose>Unspecified</pose><truncated>0</truncated><difficult>0</difficult><bndbox><xmin>788</xmin><ymin>41</ymin><xmax>832</xmax><ymax>92</ymax></bndbox></object><object><name>face</name><pose>Unspecified</pose><truncated>0</truncated><difficult>0</difficult><bndbox><xmin>538</xmin><ymin>28</ymin><xmax>583</xmax><ymax>83</ymax></bndbox></object><object><name>face</name><pose>Unspecified</pose><truncated>0</truncated><difficult>0</difficult><bndbox><xmin>453</xmin><ymin>77</ymin><xmax>498</xmax><ymax>128</ymax></bndbox></object><object><name>face</name><pose>Unspecified</pose><truncated>0</truncated><difficult>0</difficult><bndbox><xmin>211</xmin><ymin>89</ymin><xmax>254</xmax><ymax>135</ymax></bndbox></object><object><name>face</name><pose>Unspecified</pose><truncated>0</truncated><difficult>0</difficult><bndbox><xmin>106</xmin><ymin>55</ymin><xmax>154</xmax><ymax>114</ymax></bndbox></object></annotation>