<annotation><folder>10--People_Marching</folder><filename>10_People_Marching_People_Marching_10_People_Marching_People_Marching_10_947.jpg</filename><path>10--People_Marching/10_People_Marching_People_Marching_10_People_Marching_People_Marching_10_947.jpg</path><source><database>Unknown</database></source><size><width>1024</width><height>684</height><depth>3</depth></size><segmented>0</segmented><object><name>face</name><pose>Unspecified</pose><truncated>0</truncated><difficult>0</difficult><bndbox><xmin>420</xmin><ymin>116</ymin><xmax>604</xmax><ymax>394</ymax></bndbox></object><object><name>face</name><pose>Unspecified</pose><truncated>0</truncated><difficult>0</difficult><bndbox><xmin>836</xmin><ymin>220</ymin><xmax>950</xmax><ymax>386</ymax></bndbox></object><object><name>face</name><pose>Unspecified</pose><truncated>0</truncated><difficult>0</difficult><bndbox><xmin>846</xmin><ymin>76</ymin><xmax>930</xmax><ymax>190</ymax></bndbox></object></annotation>