<annotation><folder>10--People_Marching</folder><filename>10_People_Marching_People_Marching_10_People_Marching_People_Marching_10_People_Marching_People_Marching_10_101.jpg</filename><path>10--People_Marching/10_People_Marching_People_Marching_10_People_Marching_People_Marching_10_People_Marching_People_Marching_10_101.jpg</path><source><database>Unknown</database></source><size><width>1024</width><height>683</height><depth>3</depth></size><segmented>0</segmented><object><name>face</name><pose>Unspecified</pose><truncated>0</truncated><difficult>0</difficult><bndbox><xmin>204</xmin><ymin>277</ymin><xmax>311</xmax><ymax>405</ymax></bndbox></object><object><name>face</name><pose>Unspecified</pose><truncated>0</truncated><difficult>0</difficult><bndbox><xmin>80</xmin><ymin>159</ymin><xmax>122</xmax><ymax>224</ymax></bndbox></object><object><name>face</name><pose>Unspecified</pose><truncated>0</truncated><difficult>0</difficult><bndbox><xmin>160</xmin><ymin>220</ymin><xmax>209</xmax><ymax>285</ymax></bndbox></object><object><name>face</name><pose>Unspecified</pose><truncated>0</truncated><difficult>0</difficult><bndbox><xmin>293</xmin><ymin>210</ymin><xmax>341</xmax><ymax>272</ymax></bndbox></object><object><name>face</name><pose>Unspecified</pose><truncated>0</truncated><difficult>0</difficult><bndbox><xmin>398</xmin><ymin>228</ymin><xmax>450</xmax><ymax>292</ymax></bndbox></object><object><name>face</name><pose>Unspecified</pose><truncated>0</truncated><difficult>0</difficult><bndbox><xmin>511</xmin><ymin>260</ymin><xmax>611</xmax><ymax>398</ymax></bndbox></object><object><name>face</name><pose>Unspecified</pose><truncated>0</truncated><difficult>0</difficult><bndbox><xmin>669</xmin><ymin>238</ymin><xmax>753</xmax><ymax>380</ymax></bndbox></object></annotation>