<annotation><folder>10--People_Marching</folder><filename>10_People_Marching_People_Marching_10_People_Marching_People_Marching_10_People_Marching_People_Marching_10_533.jpg</filename><path>10--People_Marching/10_People_Marching_People_Marching_10_People_Marching_People_Marching_10_People_Marching_People_Marching_10_533.jpg</path><source><database>Unknown</database></source><size><width>1024</width><height>684</height><depth>3</depth></size><segmented>0</segmented><object><name>face</name><pose>Unspecified</pose><truncated>0</truncated><difficult>0</difficult><bndbox><xmin>352</xmin><ymin>6</ymin><xmax>554</xmax><ymax>312</ymax></bndbox></object></annotation>