<annotation><folder>10--People_Marching</folder><filename>10_People_Marching_People_Marching_2_627.jpg</filename><path>10--People_Marching/10_People_Marching_People_Marching_2_627.jpg</path><source><database>Unknown</database></source><size><width>1024</width><height>1538</height><depth>3</depth></size><segmented>0</segmented><object><name>face</name><pose>Unspecified</pose><truncated>0</truncated><difficult>0</difficult><bndbox><xmin>405</xmin><ymin>474</ymin><xmax>645</xmax><ymax>816</ymax></bndbox></object></annotation>