<annotation><folder>11--Meeting</folder><filename>11_Meeting_Meeting_11_Meeting_Meeting_11_60.jpg</filename><path>11--Meeting/11_Meeting_Meeting_11_Meeting_Meeting_11_60.jpg</path><source><database>Unknown</database></source><size><width>1024</width><height>694</height><depth>3</depth></size><segmented>0</segmented><object><name>face</name><pose>Unspecified</pose><truncated>0</truncated><difficult>0</difficult><bndbox><xmin>722</xmin><ymin>180</ymin><xmax>880</xmax><ymax>344</ymax></bndbox></object><object><name>face</name><pose>Unspecified</pose><truncated>0</truncated><difficult>0</difficult><bndbox><xmin>618</xmin><ymin>202</ymin><xmax>714</xmax><ymax>314</ymax></bndbox></object><object><name>face</name><pose>Unspecified</pose><truncated>0</truncated><difficult>0</difficult><bndbox><xmin>498</xmin><ymin>228</ymin><xmax>576</xmax><ymax>320</ymax></bndbox></object><object><name>face</name><pose>Unspecified</pose><truncated>0</truncated><difficult>0</difficult><bndbox><xmin>378</xmin><ymin>176</ymin><xmax>456</xmax><ymax>276</ymax></bndbox></object><object><name>face</name><pose>Unspecified</pose><truncated>0</truncated><difficult>0</difficult><bndbox><xmin>158</xmin><ymin>218</ymin><xmax>220</xmax><ymax>308</ymax></bndbox></object></annotation>