<annotation><folder>12--Group</folder><filename>12_Group_Team_Organized_Group_12_Group_Team_Organized_Group_12_48.jpg</filename><path>12--Group/12_Group_Team_Organized_Group_12_Group_Team_Organized_Group_12_48.jpg</path><source><database>Unknown</database></source><size><width>1024</width><height>756</height><depth>3</depth></size><segmented>0</segmented><object><name>face</name><pose>Unspecified</pose><truncated>0</truncated><difficult>0</difficult><bndbox><xmin>991</xmin><ymin>42</ymin><xmax>1001</xmax><ymax>54</ymax></bndbox></object><object><name>face</name><pose>Unspecified</pose><truncated>0</truncated><difficult>0</difficult><bndbox><xmin>942</xmin><ymin>29</ymin><xmax>951</xmax><ymax>39</ymax></bndbox></object><object><name>face</name><pose>Unspecified</pose><truncated>0</truncated><difficult>0</difficult><bndbox><xmin>923</xmin><ymin>43</ymin><xmax>933</xmax><ymax>56</ymax></bndbox></object><object><name>face</name><pose>Unspecified</pose><truncated>0</truncated><difficult>0</difficult><bndbox><xmin>789</xmin><ymin>42</ymin><xmax>798</xmax><ymax>53</ymax></bndbox></object><object><name>face</name><pose>Unspecified</pose><truncated>0</truncated><difficult>0</difficult><bndbox><xmin>745</xmin><ymin>43</ymin><xmax>754</xmax><ymax>54</ymax></bndbox></object><object><name>face</name><pose>Unspecified</pose><truncated>0</truncated><difficult>0</difficult><bndbox><xmin>737</xmin><ymin>75</ymin><xmax>755</xmax><ymax>95</ymax></bndbox></object><object><name>face</name><pose>Unspecified</pose><truncated>0</truncated><difficult>0</difficult><bndbox><xmin>627</xmin><ymin>29</ymin><xmax>634</xmax><ymax>36</ymax></bndbox></object><object><name>face</name><pose>Unspecified</pose><truncated>0</truncated><difficult>0</difficult><bndbox><xmin>658</xmin><ymin>33</ymin><xmax>664</xmax><ymax>39</ymax></bndbox></object><object><name>face</name><pose>Unspecified</pose><truncated>0</truncated><difficult>0</difficult><bndbox><xmin>668</xmin><ymin>31</ymin><xmax>673</xmax><ymax>37</ymax></bndbox></object><object><name>face</name><pose>Unspecified</pose><truncated>0</truncated><difficult>0</difficult><bndbox><xmin>604</xmin><ymin>63</ymin><xmax>618</xmax><ymax>80</ymax></bndbox></object><object><name>face</name><pose>Unspecified</pose><truncated>0</truncated><difficult>0</difficult><bndbox><xmin>788</xmin><ymin>159</ymin><xmax>819</xmax><ymax>194</ymax></bndbox></object><object><name>face</name><pose>Unspecified</pose><truncated>0</truncated><difficult>0</difficult><bndbox><xmin>718</xmin><ymin>188</ymin><xmax>765</xmax><ymax>237</ymax></bndbox></object><object><name>face</name><pose>Unspecified</pose><truncated>0</truncated><difficult>0</difficult><bndbox><xmin>592</xmin><ymin>152</ymin><xmax>650</xmax><ymax>216</ymax></bndbox></object><object><name>face</name><pose>Unspecified</pose><truncated>0</truncated><difficult>0</difficult><bndbox><xmin>1011</xmin><ymin>155</ymin><xmax>1024</xmax><ymax>197</ymax></bndbox></object><object><name>face</name><pose>Unspecified</pose><truncated>0</truncated><difficult>0</difficult><bndbox><xmin>921</xmin><ymin>325</ymin><xmax>995</xmax><ymax>401</ymax></bndbox></object><object><name>face</name><pose>Unspecified</pose><truncated>0</truncated><difficult>0</difficult><bndbox><xmin>881</xmin><ymin>317</ymin><xmax>941</xmax><ymax>356</ymax></bndbox></object><object><name>face</name><pose>Unspecified</pose><truncated>0</truncated><difficult>0</difficult><bndbox><xmin>8</xmin><ymin>363</ymin><xmax>87</xmax><ymax>443</ymax></bndbox></object><object><name>face</name><pose>Unspecified</pose><truncated>0</truncated><difficult>0</difficult><bndbox><xmin>162</xmin><ymin>25</ymin><xmax>168</xmax><ymax>34</ymax></bndbox></object><object><name>face</name><pose>Unspecified</pose><truncated>0</truncated><difficult>0</difficult><bndbox><xmin>174</xmin><ymin>30</ymin><xmax>183</xmax><ymax>40</ymax></bndbox></object></annotation>