<annotation><folder>12--Group</folder><filename>12_Group_Team_Organized_Group_12_Group_Team_Organized_Group_12_560.jpg</filename><path>12--Group/12_Group_Team_Organized_Group_12_Group_Team_Organized_Group_12_560.jpg</path><source><database>Unknown</database></source><size><width>1024</width><height>556</height><depth>3</depth></size><segmented>0</segmented><object><name>face</name><pose>Unspecified</pose><truncated>0</truncated><difficult>0</difficult><bndbox><xmin>52</xmin><ymin>301</ymin><xmax>86</xmax><ymax>341</ymax></bndbox></object><object><name>face</name><pose>Unspecified</pose><truncated>0</truncated><difficult>0</difficult><bndbox><xmin>150</xmin><ymin>361</ymin><xmax>180</xmax><ymax>397</ymax></bndbox></object><object><name>face</name><pose>Unspecified</pose><truncated>0</truncated><difficult>0</difficult><bndbox><xmin>175</xmin><ymin>267</ymin><xmax>203</xmax><ymax>297</ymax></bndbox></object><object><name>face</name><pose>Unspecified</pose><truncated>0</truncated><difficult>0</difficult><bndbox><xmin>270</xmin><ymin>246</ymin><xmax>298</xmax><ymax>282</ymax></bndbox></object><object><name>face</name><pose>Unspecified</pose><truncated>0</truncated><difficult>0</difficult><bndbox><xmin>259</xmin><ymin>350</ymin><xmax>287</xmax><ymax>384</ymax></bndbox></object><object><name>face</name><pose>Unspecified</pose><truncated>0</truncated><difficult>0</difficult><bndbox><xmin>346</xmin><ymin>147</ymin><xmax>371</xmax><ymax>176</ymax></bndbox></object><object><name>face</name><pose>Unspecified</pose><truncated>0</truncated><difficult>0</difficult><bndbox><xmin>232</xmin><ymin>154</ymin><xmax>260</xmax><ymax>187</ymax></bndbox></object><object><name>face</name><pose>Unspecified</pose><truncated>0</truncated><difficult>0</difficult><bndbox><xmin>126</xmin><ymin>133</ymin><xmax>153</xmax><ymax>166</ymax></bndbox></object><object><name>face</name><pose>Unspecified</pose><truncated>0</truncated><difficult>0</difficult><bndbox><xmin>27</xmin><ymin>148</ymin><xmax>56</xmax><ymax>181</ymax></bndbox></object><object><name>face</name><pose>Unspecified</pose><truncated>0</truncated><difficult>0</difficult><bndbox><xmin>642</xmin><ymin>142</ymin><xmax>668</xmax><ymax>173</ymax></bndbox></object><object><name>face</name><pose>Unspecified</pose><truncated>0</truncated><difficult>0</difficult><bndbox><xmin>548</xmin><ymin>148</ymin><xmax>573</xmax><ymax>177</ymax></bndbox></object><object><name>face</name><pose>Unspecified</pose><truncated>0</truncated><difficult>0</difficult><bndbox><xmin>670</xmin><ymin>257</ymin><xmax>700</xmax><ymax>296</ymax></bndbox></object><object><name>face</name><pose>Unspecified</pose><truncated>0</truncated><difficult>0</difficult><bndbox><xmin>587</xmin><ymin>258</ymin><xmax>614</xmax><ymax>292</ymax></bndbox></object><object><name>face</name><pose>Unspecified</pose><truncated>0</truncated><difficult>0</difficult><bndbox><xmin>488</xmin><ymin>248</ymin><xmax>515</xmax><ymax>280</ymax></bndbox></object><object><name>face</name><pose>Unspecified</pose><truncated>0</truncated><difficult>0</difficult><bndbox><xmin>386</xmin><ymin>240</ymin><xmax>415</xmax><ymax>270</ymax></bndbox></object><object><name>face</name><pose>Unspecified</pose><truncated>0</truncated><difficult>0</difficult><bndbox><xmin>453</xmin><ymin>143</ymin><xmax>480</xmax><ymax>176</ymax></bndbox></object><object><name>face</name><pose>Unspecified</pose><truncated>0</truncated><difficult>0</difficult><bndbox><xmin>598</xmin><ymin>355</ymin><xmax>627</xmax><ymax>391</ymax></bndbox></object><object><name>face</name><pose>Unspecified</pose><truncated>0</truncated><difficult>0</difficult><bndbox><xmin>487</xmin><ymin>358</ymin><xmax>516</xmax><ymax>390</ymax></bndbox></object><object><name>face</name><pose>Unspecified</pose><truncated>0</truncated><difficult>0</difficult><bndbox><xmin>384</xmin><ymin>357</ymin><xmax>413</xmax><ymax>390</ymax></bndbox></object><object><name>face</name><pose>Unspecified</pose><truncated>0</truncated><difficult>0</difficult><bndbox><xmin>686</xmin><ymin>361</ymin><xmax>716</xmax><ymax>401</ymax></bndbox></object><object><name>face</name><pose>Unspecified</pose><truncated>0</truncated><difficult>0</difficult><bndbox><xmin>778</xmin><ymin>363</ymin><xmax>807</xmax><ymax>403</ymax></bndbox></object><object><name>face</name><pose>Unspecified</pose><truncated>0</truncated><difficult>0</difficult><bndbox><xmin>891</xmin><ymin>356</ymin><xmax>924</xmax><ymax>394</ymax></bndbox></object><object><name>face</name><pose>Unspecified</pose><truncated>0</truncated><difficult>0</difficult><bndbox><xmin>925</xmin><ymin>250</ymin><xmax>954</xmax><ymax>287</ymax></bndbox></object><object><name>face</name><pose>Unspecified</pose><truncated>0</truncated><difficult>0</difficult><bndbox><xmin>961</xmin><ymin>160</ymin><xmax>989</xmax><ymax>195</ymax></bndbox></object><object><name>face</name><pose>Unspecified</pose><truncated>0</truncated><difficult>0</difficult><bndbox><xmin>881</xmin><ymin>173</ymin><xmax>911</xmax><ymax>205</ymax></bndbox></object><object><name>face</name><pose>Unspecified</pose><truncated>0</truncated><difficult>0</difficult><bndbox><xmin>804</xmin><ymin>162</ymin><xmax>829</xmax><ymax>192</ymax></bndbox></object><object><name>face</name><pose>Unspecified</pose><truncated>0</truncated><difficult>0</difficult><bndbox><xmin>836</xmin><ymin>252</ymin><xmax>864</xmax><ymax>287</ymax></bndbox></object><object><name>face</name><pose>Unspecified</pose><truncated>0</truncated><difficult>0</difficult><bndbox><xmin>729</xmin><ymin>152</ymin><xmax>758</xmax><ymax>186</ymax></bndbox></object><object><name>face</name><pose>Unspecified</pose><truncated>0</truncated><difficult>0</difficult><bndbox><xmin>749</xmin><ymin>258</ymin><xmax>779</xmax><ymax>299</ymax></bndbox></object></annotation>