<annotation><folder>12--Group</folder><filename>12_Group_Group_12_Group_Group_12_1047.jpg</filename><path>12--Group/12_Group_Group_12_Group_Group_12_1047.jpg</path><source><database>Unknown</database></source><size><width>1024</width><height>840</height><depth>3</depth></size><segmented>0</segmented><object><name>face</name><pose>Unspecified</pose><truncated>0</truncated><difficult>0</difficult><bndbox><xmin>771</xmin><ymin>132</ymin><xmax>821</xmax><ymax>205</ymax></bndbox></object><object><name>face</name><pose>Unspecified</pose><truncated>0</truncated><difficult>0</difficult><bndbox><xmin>675</xmin><ymin>153</ymin><xmax>726</xmax><ymax>229</ymax></bndbox></object><object><name>face</name><pose>Unspecified</pose><truncated>0</truncated><difficult>0</difficult><bndbox><xmin>601</xmin><ymin>103</ymin><xmax>655</xmax><ymax>176</ymax></bndbox></object><object><name>face</name><pose>Unspecified</pose><truncated>0</truncated><difficult>0</difficult><bndbox><xmin>503</xmin><ymin>169</ymin><xmax>556</xmax><ymax>228</ymax></bndbox></object><object><name>face</name><pose>Unspecified</pose><truncated>0</truncated><difficult>0</difficult><bndbox><xmin>456</xmin><ymin>78</ymin><xmax>507</xmax><ymax>140</ymax></bndbox></object><object><name>face</name><pose>Unspecified</pose><truncated>0</truncated><difficult>0</difficult><bndbox><xmin>349</xmin><ymin>138</ymin><xmax>403</xmax><ymax>197</ymax></bndbox></object><object><name>face</name><pose>Unspecified</pose><truncated>0</truncated><difficult>0</difficult><bndbox><xmin>288</xmin><ymin>73</ymin><xmax>339</xmax><ymax>134</ymax></bndbox></object><object><name>face</name><pose>Unspecified</pose><truncated>0</truncated><difficult>0</difficult><bndbox><xmin>178</xmin><ymin>109</ymin><xmax>241</xmax><ymax>187</ymax></bndbox></object></annotation>