<annotation><folder>12--Group</folder><filename>12_Group_Large_Group_12_Group_Large_Group_12_117.jpg</filename><path>12--Group/12_Group_Large_Group_12_Group_Large_Group_12_117.jpg</path><source><database>Unknown</database></source><size><width>1024</width><height>646</height><depth>3</depth></size><segmented>0</segmented><object><name>face</name><pose>Unspecified</pose><truncated>0</truncated><difficult>0</difficult><bndbox><xmin>80</xmin><ymin>124</ymin><xmax>109</xmax><ymax>163</ymax></bndbox></object><object><name>face</name><pose>Unspecified</pose><truncated>0</truncated><difficult>0</difficult><bndbox><xmin>208</xmin><ymin>131</ymin><xmax>238</xmax><ymax>172</ymax></bndbox></object><object><name>face</name><pose>Unspecified</pose><truncated>0</truncated><difficult>0</difficult><bndbox><xmin>294</xmin><ymin>150</ymin><xmax>326</xmax><ymax>188</ymax></bndbox></object><object><name>face</name><pose>Unspecified</pose><truncated>0</truncated><difficult>0</difficult><bndbox><xmin>399</xmin><ymin>159</ymin><xmax>426</xmax><ymax>186</ymax></bndbox></object><object><name>face</name><pose>Unspecified</pose><truncated>0</truncated><difficult>0</difficult><bndbox><xmin>484</xmin><ymin>160</ymin><xmax>508</xmax><ymax>194</ymax></bndbox></object><object><name>face</name><pose>Unspecified</pose><truncated>0</truncated><difficult>0</difficult><bndbox><xmin>554</xmin><ymin>159</ymin><xmax>581</xmax><ymax>194</ymax></bndbox></object><object><name>face</name><pose>Unspecified</pose><truncated>0</truncated><difficult>0</difficult><bndbox><xmin>636</xmin><ymin>149</ymin><xmax>664</xmax><ymax>186</ymax></bndbox></object><object><name>face</name><pose>Unspecified</pose><truncated>0</truncated><difficult>0</difficult><bndbox><xmin>697</xmin><ymin>169</ymin><xmax>723</xmax><ymax>202</ymax></bndbox></object><object><name>face</name><pose>Unspecified</pose><truncated>0</truncated><difficult>0</difficult><bndbox><xmin>775</xmin><ymin>172</ymin><xmax>801</xmax><ymax>206</ymax></bndbox></object><object><name>face</name><pose>Unspecified</pose><truncated>0</truncated><difficult>0</difficult><bndbox><xmin>872</xmin><ymin>146</ymin><xmax>901</xmax><ymax>183</ymax></bndbox></object><object><name>face</name><pose>Unspecified</pose><truncated>0</truncated><difficult>0</difficult><bndbox><xmin>915</xmin><ymin>221</ymin><xmax>946</xmax><ymax>265</ymax></bndbox></object><object><name>face</name><pose>Unspecified</pose><truncated>0</truncated><difficult>0</difficult><bndbox><xmin>829</xmin><ymin>221</ymin><xmax>858</xmax><ymax>259</ymax></bndbox></object><object><name>face</name><pose>Unspecified</pose><truncated>0</truncated><difficult>0</difficult><bndbox><xmin>770</xmin><ymin>259</ymin><xmax>798</xmax><ymax>297</ymax></bndbox></object><object><name>face</name><pose>Unspecified</pose><truncated>0</truncated><difficult>0</difficult><bndbox><xmin>712</xmin><ymin>258</ymin><xmax>740</xmax><ymax>295</ymax></bndbox></object><object><name>face</name><pose>Unspecified</pose><truncated>0</truncated><difficult>0</difficult><bndbox><xmin>661</xmin><ymin>261</ymin><xmax>687</xmax><ymax>295</ymax></bndbox></object><object><name>face</name><pose>Unspecified</pose><truncated>0</truncated><difficult>0</difficult><bndbox><xmin>604</xmin><ymin>257</ymin><xmax>628</xmax><ymax>293</ymax></bndbox></object><object><name>face</name><pose>Unspecified</pose><truncated>0</truncated><difficult>0</difficult><bndbox><xmin>540</xmin><ymin>261</ymin><xmax>568</xmax><ymax>299</ymax></bndbox></object><object><name>face</name><pose>Unspecified</pose><truncated>0</truncated><difficult>0</difficult><bndbox><xmin>480</xmin><ymin>254</ymin><xmax>507</xmax><ymax>292</ymax></bndbox></object><object><name>face</name><pose>Unspecified</pose><truncated>0</truncated><difficult>0</difficult><bndbox><xmin>425</xmin><ymin>260</ymin><xmax>451</xmax><ymax>297</ymax></bndbox></object><object><name>face</name><pose>Unspecified</pose><truncated>0</truncated><difficult>0</difficult><bndbox><xmin>356</xmin><ymin>266</ymin><xmax>384</xmax><ymax>301</ymax></bndbox></object><object><name>face</name><pose>Unspecified</pose><truncated>0</truncated><difficult>0</difficult><bndbox><xmin>281</xmin><ymin>237</ymin><xmax>312</xmax><ymax>276</ymax></bndbox></object><object><name>face</name><pose>Unspecified</pose><truncated>0</truncated><difficult>0</difficult><bndbox><xmin>211</xmin><ymin>216</ymin><xmax>239</xmax><ymax>252</ymax></bndbox></object><object><name>face</name><pose>Unspecified</pose><truncated>0</truncated><difficult>0</difficult><bndbox><xmin>126</xmin><ymin>223</ymin><xmax>153</xmax><ymax>262</ymax></bndbox></object><object><name>face</name><pose>Unspecified</pose><truncated>0</truncated><difficult>0</difficult><bndbox><xmin>44</xmin><ymin>236</ymin><xmax>76</xmax><ymax>275</ymax></bndbox></object></annotation>