<annotation><folder>12--Group</folder><filename>12_Group_Team_Organized_Group_12_Group_Team_Organized_Group_12_905.jpg</filename><path>12--Group/12_Group_Team_Organized_Group_12_Group_Team_Organized_Group_12_905.jpg</path><source><database>Unknown</database></source><size><width>1024</width><height>1171</height><depth>3</depth></size><segmented>0</segmented><object><name>face</name><pose>Unspecified</pose><truncated>0</truncated><difficult>0</difficult><bndbox><xmin>174</xmin><ymin>153</ymin><xmax>608</xmax><ymax>686</ymax></bndbox></object></annotation>