<annotation><folder>12--Group</folder><filename>12_Group_Large_Group_12_Group_Large_Group_12_577.jpg</filename><path>12--Group/12_Group_Large_Group_12_Group_Large_Group_12_577.jpg</path><source><database>Unknown</database></source><size><width>1024</width><height>784</height><depth>3</depth></size><segmented>0</segmented><object><name>face</name><pose>Unspecified</pose><truncated>0</truncated><difficult>0</difficult><bndbox><xmin>92</xmin><ymin>411</ymin><xmax>129</xmax><ymax>458</ymax></bndbox></object><object><name>face</name><pose>Unspecified</pose><truncated>0</truncated><difficult>0</difficult><bndbox><xmin>150</xmin><ymin>284</ymin><xmax>182</xmax><ymax>328</ymax></bndbox></object><object><name>face</name><pose>Unspecified</pose><truncated>0</truncated><difficult>0</difficult><bndbox><xmin>256</xmin><ymin>331</ymin><xmax>278</xmax><ymax>361</ymax></bndbox></object><object><name>face</name><pose>Unspecified</pose><truncated>0</truncated><difficult>0</difficult><bndbox><xmin>280</xmin><ymin>238</ymin><xmax>300</xmax><ymax>266</ymax></bndbox></object><object><name>face</name><pose>Unspecified</pose><truncated>0</truncated><difficult>0</difficult><bndbox><xmin>384</xmin><ymin>244</ymin><xmax>404</xmax><ymax>271</ymax></bndbox></object><object><name>face</name><pose>Unspecified</pose><truncated>0</truncated><difficult>0</difficult><bndbox><xmin>373</xmin><ymin>363</ymin><xmax>404</xmax><ymax>403</ymax></bndbox></object><object><name>face</name><pose>Unspecified</pose><truncated>0</truncated><difficult>0</difficult><bndbox><xmin>266</xmin><ymin>378</ymin><xmax>286</xmax><ymax>398</ymax></bndbox></object><object><name>face</name><pose>Unspecified</pose><truncated>0</truncated><difficult>0</difficult><bndbox><xmin>491</xmin><ymin>266</ymin><xmax>520</xmax><ymax>306</ymax></bndbox></object><object><name>face</name><pose>Unspecified</pose><truncated>0</truncated><difficult>0</difficult><bndbox><xmin>508</xmin><ymin>395</ymin><xmax>538</xmax><ymax>436</ymax></bndbox></object><object><name>face</name><pose>Unspecified</pose><truncated>0</truncated><difficult>0</difficult><bndbox><xmin>588</xmin><ymin>340</ymin><xmax>612</xmax><ymax>367</ymax></bndbox></object><object><name>face</name><pose>Unspecified</pose><truncated>0</truncated><difficult>0</difficult><bndbox><xmin>643</xmin><ymin>270</ymin><xmax>668</xmax><ymax>301</ymax></bndbox></object><object><name>face</name><pose>Unspecified</pose><truncated>0</truncated><difficult>0</difficult><bndbox><xmin>743</xmin><ymin>302</ymin><xmax>765</xmax><ymax>329</ymax></bndbox></object><object><name>face</name><pose>Unspecified</pose><truncated>0</truncated><difficult>0</difficult><bndbox><xmin>738</xmin><ymin>359</ymin><xmax>762</xmax><ymax>392</ymax></bndbox></object><object><name>face</name><pose>Unspecified</pose><truncated>0</truncated><difficult>0</difficult><bndbox><xmin>831</xmin><ymin>267</ymin><xmax>862</xmax><ymax>305</ymax></bndbox></object><object><name>face</name><pose>Unspecified</pose><truncated>0</truncated><difficult>0</difficult><bndbox><xmin>771</xmin><ymin>425</ymin><xmax>797</xmax><ymax>459</ymax></bndbox></object><object><name>face</name><pose>Unspecified</pose><truncated>0</truncated><difficult>0</difficult><bndbox><xmin>851</xmin><ymin>371</ymin><xmax>878</xmax><ymax>410</ymax></bndbox></object><object><name>face</name><pose>Unspecified</pose><truncated>0</truncated><difficult>0</difficult><bndbox><xmin>946</xmin><ymin>378</ymin><xmax>976</xmax><ymax>411</ymax></bndbox></object><object><name>face</name><pose>Unspecified</pose><truncated>0</truncated><difficult>0</difficult><bndbox><xmin>246</xmin><ymin>583</ymin><xmax>277</xmax><ymax>623</ymax></bndbox></object><object><name>face</name><pose>Unspecified</pose><truncated>0</truncated><difficult>0</difficult><bndbox><xmin>440</xmin><ymin>559</ymin><xmax>472</xmax><ymax>599</ymax></bndbox></object><object><name>face</name><pose>Unspecified</pose><truncated>0</truncated><difficult>0</difficult><bndbox><xmin>663</xmin><ymin>584</ymin><xmax>692</xmax><ymax>623</ymax></bndbox></object><object><name>face</name><pose>Unspecified</pose><truncated>0</truncated><difficult>0</difficult><bndbox><xmin>742</xmin><ymin>555</ymin><xmax>769</xmax><ymax>590</ymax></bndbox></object><object><name>face</name><pose>Unspecified</pose><truncated>0</truncated><difficult>0</difficult><bndbox><xmin>185</xmin><ymin>6</ymin><xmax>203</xmax><ymax>28</ymax></bndbox></object><object><name>face</name><pose>Unspecified</pose><truncated>0</truncated><difficult>0</difficult><bndbox><xmin>740</xmin><ymin>34</ymin><xmax>754</xmax><ymax>54</ymax></bndbox></object></annotation>