<annotation><folder>12--Group</folder><filename>12_Group_Group_12_Group_Group_12_233.jpg</filename><path>12--Group/12_Group_Group_12_Group_Group_12_233.jpg</path><source><database>Unknown</database></source><size><width>1024</width><height>768</height><depth>3</depth></size><segmented>0</segmented><object><name>face</name><pose>Unspecified</pose><truncated>0</truncated><difficult>0</difficult><bndbox><xmin>252</xmin><ymin>244</ymin><xmax>336</xmax><ymax>304</ymax></bndbox></object><object><name>face</name><pose>Unspecified</pose><truncated>0</truncated><difficult>0</difficult><bndbox><xmin>74</xmin><ymin>306</ymin><xmax>152</xmax><ymax>396</ymax></bndbox></object><object><name>face</name><pose>Unspecified</pose><truncated>0</truncated><difficult>0</difficult><bndbox><xmin>174</xmin><ymin>438</ymin><xmax>244</xmax><ymax>570</ymax></bndbox></object><object><name>face</name><pose>Unspecified</pose><truncated>0</truncated><difficult>0</difficult><bndbox><xmin>530</xmin><ymin>142</ymin><xmax>602</xmax><ymax>230</ymax></bndbox></object></annotation>