<annotation><folder>12--Group</folder><filename>12_Group_Team_Organized_Group_12_Group_Team_Organized_Group_12_538.jpg</filename><path>12--Group/12_Group_Team_Organized_Group_12_Group_Team_Organized_Group_12_538.jpg</path><source><database>Unknown</database></source><size><width>1024</width><height>704</height><depth>3</depth></size><segmented>0</segmented><object><name>face</name><pose>Unspecified</pose><truncated>0</truncated><difficult>0</difficult><bndbox><xmin>302</xmin><ymin>102</ymin><xmax>600</xmax><ymax>566</ymax></bndbox></object></annotation>