<annotation><folder>12--Group</folder><filename>12_Group_Large_Group_12_Group_Large_Group_12_665.jpg</filename><path>12--Group/12_Group_Large_Group_12_Group_Large_Group_12_665.jpg</path><source><database>Unknown</database></source><size><width>1024</width><height>1479</height><depth>3</depth></size><segmented>0</segmented><object><name>face</name><pose>Unspecified</pose><truncated>0</truncated><difficult>0</difficult><bndbox><xmin>366</xmin><ymin>187</ymin><xmax>689</xmax><ymax>666</ymax></bndbox></object></annotation>