<annotation><folder>12--Group</folder><filename>12_Group_Group_12_Group_Group_12_915.jpg</filename><path>12--Group/12_Group_Group_12_Group_Group_12_915.jpg</path><source><database>Unknown</database></source><size><width>1024</width><height>1530</height><depth>3</depth></size><segmented>0</segmented><object><name>face</name><pose>Unspecified</pose><truncated>0</truncated><difficult>0</difficult><bndbox><xmin>319</xmin><ymin>349</ymin><xmax>412</xmax><ymax>477</ymax></bndbox></object><object><name>face</name><pose>Unspecified</pose><truncated>0</truncated><difficult>0</difficult><bndbox><xmin>705</xmin><ymin>466</ymin><xmax>780</xmax><ymax>582</ymax></bndbox></object><object><name>face</name><pose>Unspecified</pose><truncated>0</truncated><difficult>0</difficult><bndbox><xmin>260</xmin><ymin>642</ymin><xmax>367</xmax><ymax>791</ymax></bndbox></object><object><name>face</name><pose>Unspecified</pose><truncated>0</truncated><difficult>0</difficult><bndbox><xmin>451</xmin><ymin>931</ymin><xmax>547</xmax><ymax>1098</ymax></bndbox></object></annotation>