<annotation><folder>12--Group</folder><filename>12_Group_Team_Organized_Group_12_Group_Team_Organized_Group_12_384.jpg</filename><path>12--Group/12_Group_Team_Organized_Group_12_Group_Team_Organized_Group_12_384.jpg</path><source><database>Unknown</database></source><size><width>1024</width><height>576</height><depth>3</depth></size><segmented>0</segmented><object><name>face</name><pose>Unspecified</pose><truncated>0</truncated><difficult>0</difficult><bndbox><xmin>278</xmin><ymin>291</ymin><xmax>352</xmax><ymax>372</ymax></bndbox></object><object><name>face</name><pose>Unspecified</pose><truncated>0</truncated><difficult>0</difficult><bndbox><xmin>325</xmin><ymin>173</ymin><xmax>373</xmax><ymax>232</ymax></bndbox></object><object><name>face</name><pose>Unspecified</pose><truncated>0</truncated><difficult>0</difficult><bndbox><xmin>73</xmin><ymin>181</ymin><xmax>134</xmax><ymax>244</ymax></bndbox></object><object><name>face</name><pose>Unspecified</pose><truncated>0</truncated><difficult>0</difficult><bndbox><xmin>536</xmin><ymin>223</ymin><xmax>586</xmax><ymax>282</ymax></bndbox></object><object><name>face</name><pose>Unspecified</pose><truncated>0</truncated><difficult>0</difficult><bndbox><xmin>660</xmin><ymin>189</ymin><xmax>703</xmax><ymax>238</ymax></bndbox></object><object><name>face</name><pose>Unspecified</pose><truncated>0</truncated><difficult>0</difficult><bndbox><xmin>462</xmin><ymin>143</ymin><xmax>504</xmax><ymax>194</ymax></bndbox></object><object><name>face</name><pose>Unspecified</pose><truncated>0</truncated><difficult>0</difficult><bndbox><xmin>555</xmin><ymin>180</ymin><xmax>600</xmax><ymax>234</ymax></bndbox></object><object><name>face</name><pose>Unspecified</pose><truncated>0</truncated><difficult>0</difficult><bndbox><xmin>618</xmin><ymin>163</ymin><xmax>656</xmax><ymax>204</ymax></bndbox></object><object><name>face</name><pose>Unspecified</pose><truncated>0</truncated><difficult>0</difficult><bndbox><xmin>900</xmin><ymin>161</ymin><xmax>946</xmax><ymax>212</ymax></bndbox></object><object><name>face</name><pose>Unspecified</pose><truncated>0</truncated><difficult>0</difficult><bndbox><xmin>882</xmin><ymin>257</ymin><xmax>931</xmax><ymax>312</ymax></bndbox></object><object><name>face</name><pose>Unspecified</pose><truncated>0</truncated><difficult>0</difficult><bndbox><xmin>782</xmin><ymin>166</ymin><xmax>824</xmax><ymax>212</ymax></bndbox></object><object><name>face</name><pose>Unspecified</pose><truncated>0</truncated><difficult>0</difficult><bndbox><xmin>430</xmin><ymin>315</ymin><xmax>490</xmax><ymax>384</ymax></bndbox></object></annotation>