<annotation><folder>12--Group</folder><filename>12_Group_Group_12_Group_Group_12_426.jpg</filename><path>12--Group/12_Group_Group_12_Group_Group_12_426.jpg</path><source><database>Unknown</database></source><size><width>1024</width><height>768</height><depth>3</depth></size><segmented>0</segmented><object><name>face</name><pose>Unspecified</pose><truncated>0</truncated><difficult>0</difficult><bndbox><xmin>568</xmin><ymin>237</ymin><xmax>605</xmax><ymax>287</ymax></bndbox></object><object><name>face</name><pose>Unspecified</pose><truncated>0</truncated><difficult>0</difficult><bndbox><xmin>673</xmin><ymin>344</ymin><xmax>715</xmax><ymax>390</ymax></bndbox></object><object><name>face</name><pose>Unspecified</pose><truncated>0</truncated><difficult>0</difficult><bndbox><xmin>538</xmin><ymin>342</ymin><xmax>583</xmax><ymax>390</ymax></bndbox></object><object><name>face</name><pose>Unspecified</pose><truncated>0</truncated><difficult>0</difficult><bndbox><xmin>538</xmin><ymin>144</ymin><xmax>573</xmax><ymax>182</ymax></bndbox></object><object><name>face</name><pose>Unspecified</pose><truncated>0</truncated><difficult>0</difficult><bndbox><xmin>412</xmin><ymin>87</ymin><xmax>447</xmax><ymax>138</ymax></bndbox></object><object><name>face</name><pose>Unspecified</pose><truncated>0</truncated><difficult>0</difficult><bndbox><xmin>354</xmin><ymin>154</ymin><xmax>390</xmax><ymax>199</ymax></bndbox></object><object><name>face</name><pose>Unspecified</pose><truncated>0</truncated><difficult>0</difficult><bndbox><xmin>438</xmin><ymin>192</ymin><xmax>475</xmax><ymax>235</ymax></bndbox></object><object><name>face</name><pose>Unspecified</pose><truncated>0</truncated><difficult>0</difficult><bndbox><xmin>273</xmin><ymin>195</ymin><xmax>308</xmax><ymax>237</ymax></bndbox></object><object><name>face</name><pose>Unspecified</pose><truncated>0</truncated><difficult>0</difficult><bndbox><xmin>307</xmin><ymin>101</ymin><xmax>343</xmax><ymax>141</ymax></bndbox></object><object><name>face</name><pose>Unspecified</pose><truncated>0</truncated><difficult>0</difficult><bndbox><xmin>218</xmin><ymin>127</ymin><xmax>255</xmax><ymax>171</ymax></bndbox></object><object><name>face</name><pose>Unspecified</pose><truncated>0</truncated><difficult>0</difficult><bndbox><xmin>201</xmin><ymin>220</ymin><xmax>246</xmax><ymax>268</ymax></bndbox></object><object><name>face</name><pose>Unspecified</pose><truncated>0</truncated><difficult>0</difficult><bndbox><xmin>163</xmin><ymin>185</ymin><xmax>201</xmax><ymax>231</ymax></bndbox></object><object><name>face</name><pose>Unspecified</pose><truncated>0</truncated><difficult>0</difficult><bndbox><xmin>94</xmin><ymin>222</ymin><xmax>130</xmax><ymax>267</ymax></bndbox></object><object><name>face</name><pose>Unspecified</pose><truncated>0</truncated><difficult>0</difficult><bndbox><xmin>124</xmin><ymin>412</ymin><xmax>164</xmax><ymax>460</ymax></bndbox></object><object><name>face</name><pose>Unspecified</pose><truncated>0</truncated><difficult>0</difficult><bndbox><xmin>289</xmin><ymin>345</ymin><xmax>325</xmax><ymax>393</ymax></bndbox></object><object><name>face</name><pose>Unspecified</pose><truncated>0</truncated><difficult>0</difficult><bndbox><xmin>382</xmin><ymin>340</ymin><xmax>425</xmax><ymax>394</ymax></bndbox></object><object><name>face</name><pose>Unspecified</pose><truncated>0</truncated><difficult>0</difficult><bndbox><xmin>441</xmin><ymin>377</ymin><xmax>480</xmax><ymax>422</ymax></bndbox></object><object><name>face</name><pose>Unspecified</pose><truncated>0</truncated><difficult>0</difficult><bndbox><xmin>882</xmin><ymin>237</ymin><xmax>920</xmax><ymax>281</ymax></bndbox></object><object><name>face</name><pose>Unspecified</pose><truncated>0</truncated><difficult>0</difficult><bndbox><xmin>918</xmin><ymin>357</ymin><xmax>961</xmax><ymax>401</ymax></bndbox></object><object><name>face</name><pose>Unspecified</pose><truncated>0</truncated><difficult>0</difficult><bndbox><xmin>795</xmin><ymin>343</ymin><xmax>836</xmax><ymax>385</ymax></bndbox></object><object><name>face</name><pose>Unspecified</pose><truncated>0</truncated><difficult>0</difficult><bndbox><xmin>775</xmin><ymin>227</ymin><xmax>817</xmax><ymax>275</ymax></bndbox></object><object><name>face</name><pose>Unspecified</pose><truncated>0</truncated><difficult>0</difficult><bndbox><xmin>770</xmin><ymin>87</ymin><xmax>810</xmax><ymax>129</ymax></bndbox></object><object><name>face</name><pose>Unspecified</pose><truncated>0</truncated><difficult>0</difficult><bndbox><xmin>669</xmin><ymin>172</ymin><xmax>706</xmax><ymax>216</ymax></bndbox></object><object><name>face</name><pose>Unspecified</pose><truncated>0</truncated><difficult>0</difficult><bndbox><xmin>630</xmin><ymin>119</ymin><xmax>664</xmax><ymax>156</ymax></bndbox></object></annotation>