<annotation><folder>12--Group</folder><filename>12_Group_Group_12_Group_Group_12_392.jpg</filename><path>12--Group/12_Group_Group_12_Group_Group_12_392.jpg</path><source><database>Unknown</database></source><size><width>1024</width><height>681</height><depth>3</depth></size><segmented>0</segmented><object><name>face</name><pose>Unspecified</pose><truncated>0</truncated><difficult>0</difficult><bndbox><xmin>923</xmin><ymin>330</ymin><xmax>950</xmax><ymax>360</ymax></bndbox></object><object><name>face</name><pose>Unspecified</pose><truncated>0</truncated><difficult>0</difficult><bndbox><xmin>853</xmin><ymin>337</ymin><xmax>879</xmax><ymax>367</ymax></bndbox></object><object><name>face</name><pose>Unspecified</pose><truncated>0</truncated><difficult>0</difficult><bndbox><xmin>738</xmin><ymin>319</ymin><xmax>762</xmax><ymax>347</ymax></bndbox></object><object><name>face</name><pose>Unspecified</pose><truncated>0</truncated><difficult>0</difficult><bndbox><xmin>620</xmin><ymin>340</ymin><xmax>646</xmax><ymax>366</ymax></bndbox></object><object><name>face</name><pose>Unspecified</pose><truncated>0</truncated><difficult>0</difficult><bndbox><xmin>499</xmin><ymin>361</ymin><xmax>524</xmax><ymax>386</ymax></bndbox></object><object><name>face</name><pose>Unspecified</pose><truncated>0</truncated><difficult>0</difficult><bndbox><xmin>420</xmin><ymin>349</ymin><xmax>442</xmax><ymax>378</ymax></bndbox></object><object><name>face</name><pose>Unspecified</pose><truncated>0</truncated><difficult>0</difficult><bndbox><xmin>342</xmin><ymin>349</ymin><xmax>366</xmax><ymax>378</ymax></bndbox></object><object><name>face</name><pose>Unspecified</pose><truncated>0</truncated><difficult>0</difficult><bndbox><xmin>278</xmin><ymin>360</ymin><xmax>304</xmax><ymax>392</ymax></bndbox></object><object><name>face</name><pose>Unspecified</pose><truncated>0</truncated><difficult>0</difficult><bndbox><xmin>194</xmin><ymin>344</ymin><xmax>220</xmax><ymax>377</ymax></bndbox></object><object><name>face</name><pose>Unspecified</pose><truncated>0</truncated><difficult>0</difficult><bndbox><xmin>91</xmin><ymin>344</ymin><xmax>119</xmax><ymax>375</ymax></bndbox></object></annotation>