<annotation><folder>13--Interview</folder><filename>13_Interview_Interview_Sequences_13_615.jpg</filename><path>13--Interview/13_Interview_Interview_Sequences_13_615.jpg</path><source><database>Unknown</database></source><size><width>1024</width><height>1334</height><depth>3</depth></size><segmented>0</segmented><object><name>face</name><pose>Unspecified</pose><truncated>0</truncated><difficult>0</difficult><bndbox><xmin>468</xmin><ymin>202</ymin><xmax>511</xmax><ymax>249</ymax></bndbox></object><object><name>face</name><pose>Unspecified</pose><truncated>0</truncated><difficult>0</difficult><bndbox><xmin>249</xmin><ymin>1150</ymin><xmax>300</xmax><ymax>1216</ymax></bndbox></object><object><name>face</name><pose>Unspecified</pose><truncated>0</truncated><difficult>0</difficult><bndbox><xmin>19</xmin><ymin>980</ymin><xmax>63</xmax><ymax>1044</ymax></bndbox></object><object><name>face</name><pose>Unspecified</pose><truncated>0</truncated><difficult>0</difficult><bndbox><xmin>248</xmin><ymin>782</ymin><xmax>292</xmax><ymax>824</ymax></bndbox></object><object><name>face</name><pose>Unspecified</pose><truncated>0</truncated><difficult>0</difficult><bndbox><xmin>302</xmin><ymin>830</ymin><xmax>348</xmax><ymax>876</ymax></bndbox></object><object><name>face</name><pose>Unspecified</pose><truncated>0</truncated><difficult>0</difficult><bndbox><xmin>403</xmin><ymin>904</ymin><xmax>446</xmax><ymax>954</ymax></bndbox></object><object><name>face</name><pose>Unspecified</pose><truncated>0</truncated><difficult>0</difficult><bndbox><xmin>495</xmin><ymin>851</ymin><xmax>541</xmax><ymax>908</ymax></bndbox></object><object><name>face</name><pose>Unspecified</pose><truncated>0</truncated><difficult>0</difficult><bndbox><xmin>478</xmin><ymin>1073</ymin><xmax>538</xmax><ymax>1161</ymax></bndbox></object><object><name>face</name><pose>Unspecified</pose><truncated>0</truncated><difficult>0</difficult><bndbox><xmin>659</xmin><ymin>833</ymin><xmax>728</xmax><ymax>881</ymax></bndbox></object><object><name>face</name><pose>Unspecified</pose><truncated>0</truncated><difficult>0</difficult><bndbox><xmin>818</xmin><ymin>741</ymin><xmax>854</xmax><ymax>785</ymax></bndbox></object></annotation>