<annotation><folder>13--Interview</folder><filename>13_Interview_Interview_On_Location_13_930.jpg</filename><path>13--Interview/13_Interview_Interview_On_Location_13_930.jpg</path><source><database>Unknown</database></source><size><width>1024</width><height>1539</height><depth>3</depth></size><segmented>0</segmented><object><name>face</name><pose>Unspecified</pose><truncated>0</truncated><difficult>0</difficult><bndbox><xmin>384</xmin><ymin>351</ymin><xmax>654</xmax><ymax>741</ymax></bndbox></object></annotation>