<annotation><folder>13--Interview</folder><filename>13_Interview_Interview_On_Location_13_511.jpg</filename><path>13--Interview/13_Interview_Interview_On_Location_13_511.jpg</path><source><database>Unknown</database></source><size><width>1024</width><height>336</height><depth>3</depth></size><segmented>0</segmented><object><name>face</name><pose>Unspecified</pose><truncated>0</truncated><difficult>0</difficult><bndbox><xmin>108</xmin><ymin>104</ymin><xmax>222</xmax><ymax>260</ymax></bndbox></object><object><name>face</name><pose>Unspecified</pose><truncated>0</truncated><difficult>0</difficult><bndbox><xmin>652</xmin><ymin>36</ymin><xmax>794</xmax><ymax>260</ymax></bndbox></object></annotation>