<annotation><folder>13--Interview</folder><filename>13_Interview_Interview_On_Location_13_970.jpg</filename><path>13--Interview/13_Interview_Interview_On_Location_13_970.jpg</path><source><database>Unknown</database></source><size><width>1024</width><height>1449</height><depth>3</depth></size><segmented>0</segmented><object><name>face</name><pose>Unspecified</pose><truncated>0</truncated><difficult>0</difficult><bndbox><xmin>266</xmin><ymin>157</ymin><xmax>305</xmax><ymax>213</ymax></bndbox></object><object><name>face</name><pose>Unspecified</pose><truncated>0</truncated><difficult>0</difficult><bndbox><xmin>458</xmin><ymin>221</ymin><xmax>495</xmax><ymax>270</ymax></bndbox></object><object><name>face</name><pose>Unspecified</pose><truncated>0</truncated><difficult>0</difficult><bndbox><xmin>639</xmin><ymin>298</ymin><xmax>684</xmax><ymax>357</ymax></bndbox></object><object><name>face</name><pose>Unspecified</pose><truncated>0</truncated><difficult>0</difficult><bndbox><xmin>844</xmin><ymin>142</ymin><xmax>885</xmax><ymax>206</ymax></bndbox></object></annotation>