<annotation><folder>13--Interview</folder><filename>13_Interview_Interview_Sequences_13_54.jpg</filename><path>13--Interview/13_Interview_Interview_Sequences_13_54.jpg</path><source><database>Unknown</database></source><size><width>1024</width><height>576</height><depth>3</depth></size><segmented>0</segmented><object><name>face</name><pose>Unspecified</pose><truncated>0</truncated><difficult>0</difficult><bndbox><xmin>382</xmin><ymin>8</ymin><xmax>856</xmax><ymax>564</ymax></bndbox></object></annotation>