<annotation><folder>13--Interview</folder><filename>13_Interview_Interview_2_People_Visible_13_22.jpg</filename><path>13--Interview/13_Interview_Interview_2_People_Visible_13_22.jpg</path><source><database>Unknown</database></source><size><width>1024</width><height>576</height><depth>3</depth></size><segmented>0</segmented><object><name>face</name><pose>Unspecified</pose><truncated>0</truncated><difficult>0</difficult><bndbox><xmin>678</xmin><ymin>112</ymin><xmax>752</xmax><ymax>258</ymax></bndbox></object><object><name>face</name><pose>Unspecified</pose><truncated>0</truncated><difficult>0</difficult><bndbox><xmin>194</xmin><ymin>118</ymin><xmax>272</xmax><ymax>238</ymax></bndbox></object></annotation>