<annotation><folder>13--Interview</folder><filename>13_Interview_Interview_Sequences_13_633.jpg</filename><path>13--Interview/13_Interview_Interview_Sequences_13_633.jpg</path><source><database>Unknown</database></source><size><width>1024</width><height>723</height><depth>3</depth></size><segmented>0</segmented><object><name>face</name><pose>Unspecified</pose><truncated>0</truncated><difficult>0</difficult><bndbox><xmin>560</xmin><ymin>72</ymin><xmax>834</xmax><ymax>448</ymax></bndbox></object></annotation>