<annotation><folder>13--Interview</folder><filename>13_Interview_Interview_On_Location_13_688.jpg</filename><path>13--Interview/13_Interview_Interview_On_Location_13_688.jpg</path><source><database>Unknown</database></source><size><width>1024</width><height>1536</height><depth>3</depth></size><segmented>0</segmented><object><name>face</name><pose>Unspecified</pose><truncated>0</truncated><difficult>0</difficult><bndbox><xmin>420</xmin><ymin>252</ymin><xmax>624</xmax><ymax>540</ymax></bndbox></object></annotation>