<annotation><folder>13--Interview</folder><filename>13_Interview_Interview_On_Location_13_55.jpg</filename><path>13--Interview/13_Interview_Interview_On_Location_13_55.jpg</path><source><database>Unknown</database></source><size><width>1024</width><height>683</height><depth>3</depth></size><segmented>0</segmented><object><name>face</name><pose>Unspecified</pose><truncated>0</truncated><difficult>0</difficult><bndbox><xmin>668</xmin><ymin>290</ymin><xmax>687</xmax><ymax>318</ymax></bndbox></object><object><name>face</name><pose>Unspecified</pose><truncated>0</truncated><difficult>0</difficult><bndbox><xmin>736</xmin><ymin>283</ymin><xmax>755</xmax><ymax>314</ymax></bndbox></object></annotation>