<annotation><folder>13--Interview</folder><filename>13_Interview_Interview_On_Location_13_765.jpg</filename><path>13--Interview/13_Interview_Interview_On_Location_13_765.jpg</path><source><database>Unknown</database></source><size><width>1024</width><height>732</height><depth>3</depth></size><segmented>0</segmented><object><name>face</name><pose>Unspecified</pose><truncated>0</truncated><difficult>0</difficult><bndbox><xmin>270</xmin><ymin>110</ymin><xmax>326</xmax><ymax>188</ymax></bndbox></object><object><name>face</name><pose>Unspecified</pose><truncated>0</truncated><difficult>0</difficult><bndbox><xmin>722</xmin><ymin>62</ymin><xmax>784</xmax><ymax>150</ymax></bndbox></object></annotation>