<annotation><folder>13--Interview</folder><filename>13_Interview_Interview_2_People_Visible_13_351.jpg</filename><path>13--Interview/13_Interview_Interview_2_People_Visible_13_351.jpg</path><source><database>Unknown</database></source><size><width>1024</width><height>650</height><depth>3</depth></size><segmented>0</segmented><object><name>face</name><pose>Unspecified</pose><truncated>0</truncated><difficult>0</difficult><bndbox><xmin>536</xmin><ymin>18</ymin><xmax>788</xmax><ymax>330</ymax></bndbox></object></annotation>