<annotation><folder>13--Interview</folder><filename>13_Interview_Interview_On_Location_13_707.jpg</filename><path>13--Interview/13_Interview_Interview_On_Location_13_707.jpg</path><source><database>Unknown</database></source><size><width>1024</width><height>683</height><depth>3</depth></size><segmented>0</segmented><object><name>face</name><pose>Unspecified</pose><truncated>0</truncated><difficult>0</difficult><bndbox><xmin>650</xmin><ymin>62</ymin><xmax>758</xmax><ymax>222</ymax></bndbox></object><object><name>face</name><pose>Unspecified</pose><truncated>0</truncated><difficult>0</difficult><bndbox><xmin>450</xmin><ymin>72</ymin><xmax>554</xmax><ymax>206</ymax></bndbox></object></annotation>