<annotation><folder>13--Interview</folder><filename>13_Interview_Interview_On_Location_13_110.jpg</filename><path>13--Interview/13_Interview_Interview_On_Location_13_110.jpg</path><source><database>Unknown</database></source><size><width>1024</width><height>634</height><depth>3</depth></size><segmented>0</segmented><object><name>face</name><pose>Unspecified</pose><truncated>0</truncated><difficult>0</difficult><bndbox><xmin>290</xmin><ymin>116</ymin><xmax>530</xmax><ymax>460</ymax></bndbox></object></annotation>