<annotation><folder>14--Traffic</folder><filename>14_Traffic_Traffic_14_741.jpg</filename><path>14--Traffic/14_Traffic_Traffic_14_741.jpg</path><source><database>Unknown</database></source><size><width>1024</width><height>1552</height><depth>3</depth></size><segmented>0</segmented><object><name>face</name><pose>Unspecified</pose><truncated>0</truncated><difficult>0</difficult><bndbox><xmin>155</xmin><ymin>712</ymin><xmax>367</xmax><ymax>988</ymax></bndbox></object><object><name>face</name><pose>Unspecified</pose><truncated>0</truncated><difficult>0</difficult><bndbox><xmin>233</xmin><ymin>142</ymin><xmax>391</xmax><ymax>363</ymax></bndbox></object><object><name>face</name><pose>Unspecified</pose><truncated>0</truncated><difficult>0</difficult><bndbox><xmin>379</xmin><ymin>121</ymin><xmax>512</xmax><ymax>318</ymax></bndbox></object></annotation>