<annotation><folder>14--Traffic</folder><filename>14_Traffic_Traffic_14_975.jpg</filename><path>14--Traffic/14_Traffic_Traffic_14_975.jpg</path><source><database>Unknown</database></source><size><width>1024</width><height>512</height><depth>3</depth></size><segmented>0</segmented><object><name>face</name><pose>Unspecified</pose><truncated>0</truncated><difficult>0</difficult><bndbox><xmin>790</xmin><ymin>80</ymin><xmax>924</xmax><ymax>280</ymax></bndbox></object><object><name>face</name><pose>Unspecified</pose><truncated>0</truncated><difficult>0</difficult><bndbox><xmin>558</xmin><ymin>242</ymin><xmax>740</xmax><ymax>506</ymax></bndbox></object></annotation>