<annotation><folder>15--Stock_Market</folder><filename>15_Stock_Market_Stock_Market_15_465.jpg</filename><path>15--Stock_Market/15_Stock_Market_Stock_Market_15_465.jpg</path><source><database>Unknown</database></source><size><width>1024</width><height>775</height><depth>3</depth></size><segmented>0</segmented><object><name>face</name><pose>Unspecified</pose><truncated>0</truncated><difficult>0</difficult><bndbox><xmin>696</xmin><ymin>185</ymin><xmax>826</xmax><ymax>352</ymax></bndbox></object><object><name>face</name><pose>Unspecified</pose><truncated>0</truncated><difficult>0</difficult><bndbox><xmin>265</xmin><ymin>87</ymin><xmax>313</xmax><ymax>137</ymax></bndbox></object><object><name>face</name><pose>Unspecified</pose><truncated>0</truncated><difficult>0</difficult><bndbox><xmin>43</xmin><ymin>164</ymin><xmax>67</xmax><ymax>188</ymax></bndbox></object><object><name>face</name><pose>Unspecified</pose><truncated>0</truncated><difficult>0</difficult><bndbox><xmin>167</xmin><ymin>146</ymin><xmax>191</xmax><ymax>175</ymax></bndbox></object><object><name>face</name><pose>Unspecified</pose><truncated>0</truncated><difficult>0</difficult><bndbox><xmin>513</xmin><ymin>112</ymin><xmax>544</xmax><ymax>160</ymax></bndbox></object><object><name>face</name><pose>Unspecified</pose><truncated>0</truncated><difficult>0</difficult><bndbox><xmin>549</xmin><ymin>127</ymin><xmax>569</xmax><ymax>155</ymax></bndbox></object><object><name>face</name><pose>Unspecified</pose><truncated>0</truncated><difficult>0</difficult><bndbox><xmin>737</xmin><ymin>123</ymin><xmax>762</xmax><ymax>151</ymax></bndbox></object><object><name>face</name><pose>Unspecified</pose><truncated>0</truncated><difficult>0</difficult><bndbox><xmin>877</xmin><ymin>80</ymin><xmax>912</xmax><ymax>126</ymax></bndbox></object><object><name>face</name><pose>Unspecified</pose><truncated>0</truncated><difficult>0</difficult><bndbox><xmin>527</xmin><ymin>430</ymin><xmax>535</xmax><ymax>440</ymax></bndbox></object><object><name>face</name><pose>Unspecified</pose><truncated>0</truncated><difficult>0</difficult><bndbox><xmin>542</xmin><ymin>422</ymin><xmax>548</xmax><ymax>431</ymax></bndbox></object><object><name>face</name><pose>Unspecified</pose><truncated>0</truncated><difficult>0</difficult><bndbox><xmin>649</xmin><ymin>252</ymin><xmax>654</xmax><ymax>258</ymax></bndbox></object><object><name>face</name><pose>Unspecified</pose><truncated>0</truncated><difficult>0</difficult><bndbox><xmin>656</xmin><ymin>258</ymin><xmax>661</xmax><ymax>264</ymax></bndbox></object><object><name>face</name><pose>Unspecified</pose><truncated>0</truncated><difficult>0</difficult><bndbox><xmin>986</xmin><ymin>107</ymin><xmax>1014</xmax><ymax>144</ymax></bndbox></object></annotation>