<annotation><folder>15--Stock_Market</folder><filename>15_Stock_Market_Stock_Market_15_740.jpg</filename><path>15--Stock_Market/15_Stock_Market_Stock_Market_15_740.jpg</path><source><database>Unknown</database></source><size><width>1024</width><height>576</height><depth>3</depth></size><segmented>0</segmented><object><name>face</name><pose>Unspecified</pose><truncated>0</truncated><difficult>0</difficult><bndbox><xmin>25</xmin><ymin>32</ymin><xmax>160</xmax><ymax>201</ymax></bndbox></object><object><name>face</name><pose>Unspecified</pose><truncated>0</truncated><difficult>0</difficult><bndbox><xmin>475</xmin><ymin>47</ymin><xmax>575</xmax><ymax>192</ymax></bndbox></object><object><name>face</name><pose>Unspecified</pose><truncated>0</truncated><difficult>0</difficult><bndbox><xmin>304</xmin><ymin>208</ymin><xmax>353</xmax><ymax>265</ymax></bndbox></object><object><name>face</name><pose>Unspecified</pose><truncated>0</truncated><difficult>0</difficult><bndbox><xmin>428</xmin><ymin>150</ymin><xmax>477</xmax><ymax>225</ymax></bndbox></object><object><name>face</name><pose>Unspecified</pose><truncated>0</truncated><difficult>0</difficult><bndbox><xmin>632</xmin><ymin>148</ymin><xmax>651</xmax><ymax>170</ymax></bndbox></object><object><name>face</name><pose>Unspecified</pose><truncated>0</truncated><difficult>0</difficult><bndbox><xmin>679</xmin><ymin>118</ymin><xmax>712</xmax><ymax>185</ymax></bndbox></object><object><name>face</name><pose>Unspecified</pose><truncated>0</truncated><difficult>0</difficult><bndbox><xmin>413</xmin><ymin>245</ymin><xmax>422</xmax><ymax>255</ymax></bndbox></object></annotation>