<annotation><folder>15--Stock_Market</folder><filename>15_Stock_Market_Stock_Market_15_43.jpg</filename><path>15--Stock_Market/15_Stock_Market_Stock_Market_15_43.jpg</path><source><database>Unknown</database></source><size><width>1024</width><height>754</height><depth>3</depth></size><segmented>0</segmented><object><name>face</name><pose>Unspecified</pose><truncated>0</truncated><difficult>0</difficult><bndbox><xmin>492</xmin><ymin>272</ymin><xmax>568</xmax><ymax>398</ymax></bndbox></object></annotation>