<annotation><folder>15--Stock_Market</folder><filename>15_Stock_Market_Stock_Market_15_805.jpg</filename><path>15--Stock_Market/15_Stock_Market_Stock_Market_15_805.jpg</path><source><database>Unknown</database></source><size><width>1024</width><height>1536</height><depth>3</depth></size><segmented>0</segmented><object><name>face</name><pose>Unspecified</pose><truncated>0</truncated><difficult>0</difficult><bndbox><xmin>445</xmin><ymin>1373</ymin><xmax>476</xmax><ymax>1415</ymax></bndbox></object><object><name>face</name><pose>Unspecified</pose><truncated>0</truncated><difficult>0</difficult><bndbox><xmin>775</xmin><ymin>1379</ymin><xmax>798</xmax><ymax>1414</ymax></bndbox></object><object><name>face</name><pose>Unspecified</pose><truncated>0</truncated><difficult>0</difficult><bndbox><xmin>2</xmin><ymin>1384</ymin><xmax>23</xmax><ymax>1410</ymax></bndbox></object><object><name>face</name><pose>Unspecified</pose><truncated>0</truncated><difficult>0</difficult><bndbox><xmin>985</xmin><ymin>1422</ymin><xmax>1007</xmax><ymax>1446</ymax></bndbox></object></annotation>