<annotation><folder>15--Stock_Market</folder><filename>15_Stock_Market_Stock_Market_15_1019.jpg</filename><path>15--Stock_Market/15_Stock_Market_Stock_Market_15_1019.jpg</path><source><database>Unknown</database></source><size><width>1024</width><height>1069</height><depth>3</depth></size><segmented>0</segmented><object><name>face</name><pose>Unspecified</pose><truncated>0</truncated><difficult>0</difficult><bndbox><xmin>442</xmin><ymin>113</ymin><xmax>655</xmax><ymax>451</ymax></bndbox></object></annotation>