<annotation><folder>15--Stock_Market</folder><filename>15_Stock_Market_Stock_Market_15_479.jpg</filename><path>15--Stock_Market/15_Stock_Market_Stock_Market_15_479.jpg</path><source><database>Unknown</database></source><size><width>1024</width><height>809</height><depth>3</depth></size><segmented>0</segmented><object><name>face</name><pose>Unspecified</pose><truncated>0</truncated><difficult>0</difficult><bndbox><xmin>220</xmin><ymin>430</ymin><xmax>336</xmax><ymax>578</ymax></bndbox></object><object><name>face</name><pose>Unspecified</pose><truncated>0</truncated><difficult>0</difficult><bndbox><xmin>622</xmin><ymin>432</ymin><xmax>744</xmax><ymax>614</ymax></bndbox></object><object><name>face</name><pose>Unspecified</pose><truncated>0</truncated><difficult>0</difficult><bndbox><xmin>488</xmin><ymin>366</ymin><xmax>576</xmax><ymax>498</ymax></bndbox></object></annotation>