<annotation><folder>16--Award_Ceremony</folder><filename>16_Award_Ceremony_Awards_Ceremony_16_520.jpg</filename><path>16--Award_Ceremony/16_Award_Ceremony_Awards_Ceremony_16_520.jpg</path><source><database>Unknown</database></source><size><width>1024</width><height>1294</height><depth>3</depth></size><segmented>0</segmented><object><name>face</name><pose>Unspecified</pose><truncated>0</truncated><difficult>0</difficult><bndbox><xmin>230</xmin><ymin>230</ymin><xmax>640</xmax><ymax>796</ymax></bndbox></object></annotation>