<annotation><folder>16--Award_Ceremony</folder><filename>16_Award_Ceremony_Awards_Ceremony_16_385.jpg</filename><path>16--Award_Ceremony/16_Award_Ceremony_Awards_Ceremony_16_385.jpg</path><source><database>Unknown</database></source><size><width>1024</width><height>1741</height><depth>3</depth></size><segmented>0</segmented><object><name>face</name><pose>Unspecified</pose><truncated>0</truncated><difficult>0</difficult><bndbox><xmin>432</xmin><ymin>150</ymin><xmax>694</xmax><ymax>538</ymax></bndbox></object></annotation>