<annotation><folder>16--Award_Ceremony</folder><filename>16_Award_Ceremony_Awards_Ceremony_16_642.jpg</filename><path>16--Award_Ceremony/16_Award_Ceremony_Awards_Ceremony_16_642.jpg</path><source><database>Unknown</database></source><size><width>1024</width><height>1536</height><depth>3</depth></size><segmented>0</segmented><object><name>face</name><pose>Unspecified</pose><truncated>0</truncated><difficult>0</difficult><bndbox><xmin>351</xmin><ymin>204</ymin><xmax>702</xmax><ymax>693</ymax></bndbox></object></annotation>