<annotation><folder>16--Award_Ceremony</folder><filename>16_Award_Ceremony_Awards_Ceremony_16_471.jpg</filename><path>16--Award_Ceremony/16_Award_Ceremony_Awards_Ceremony_16_471.jpg</path><source><database>Unknown</database></source><size><width>1024</width><height>1330</height><depth>3</depth></size><segmented>0</segmented><object><name>face</name><pose>Unspecified</pose><truncated>0</truncated><difficult>0</difficult><bndbox><xmin>351</xmin><ymin>130</ymin><xmax>590</xmax><ymax>489</ymax></bndbox></object></annotation>