<annotation><folder>16--Award_Ceremony</folder><filename>16_Award_Ceremony_Awards_Ceremony_16_191.jpg</filename><path>16--Award_Ceremony/16_Award_Ceremony_Awards_Ceremony_16_191.jpg</path><source><database>Unknown</database></source><size><width>1024</width><height>1536</height><depth>3</depth></size><segmented>0</segmented><object><name>face</name><pose>Unspecified</pose><truncated>0</truncated><difficult>0</difficult><bndbox><xmin>435</xmin><ymin>207</ymin><xmax>537</xmax><ymax>354</ymax></bndbox></object></annotation>