<annotation><folder>16--Award_Ceremony</folder><filename>16_Award_Ceremony_Awards_Ceremony_16_684.jpg</filename><path>16--Award_Ceremony/16_Award_Ceremony_Awards_Ceremony_16_684.jpg</path><source><database>Unknown</database></source><size><width>1024</width><height>1536</height><depth>3</depth></size><segmented>0</segmented><object><name>face</name><pose>Unspecified</pose><truncated>0</truncated><difficult>0</difficult><bndbox><xmin>345</xmin><ymin>192</ymin><xmax>633</xmax><ymax>591</ymax></bndbox></object></annotation>