<annotation><folder>16--Award_Ceremony</folder><filename>16_Award_Ceremony_Awards_Ceremony_16_122.jpg</filename><path>16--Award_Ceremony/16_Award_Ceremony_Awards_Ceremony_16_122.jpg</path><source><database>Unknown</database></source><size><width>1024</width><height>783</height><depth>3</depth></size><segmented>0</segmented><object><name>face</name><pose>Unspecified</pose><truncated>0</truncated><difficult>0</difficult><bndbox><xmin>556</xmin><ymin>60</ymin><xmax>760</xmax><ymax>364</ymax></bndbox></object><object><name>face</name><pose>Unspecified</pose><truncated>0</truncated><difficult>0</difficult><bndbox><xmin>250</xmin><ymin>80</ymin><xmax>434</xmax><ymax>344</ymax></bndbox></object></annotation>