<annotation><folder>17--Ceremony</folder><filename>17_Ceremony_Ceremony_17_625.jpg</filename><path>17--Ceremony/17_Ceremony_Ceremony_17_625.jpg</path><source><database>Unknown</database></source><size><width>1024</width><height>768</height><depth>3</depth></size><segmented>0</segmented><object><name>face</name><pose>Unspecified</pose><truncated>0</truncated><difficult>0</difficult><bndbox><xmin>238</xmin><ymin>285</ymin><xmax>250</xmax><ymax>304</ymax></bndbox></object><object><name>face</name><pose>Unspecified</pose><truncated>0</truncated><difficult>0</difficult><bndbox><xmin>266</xmin><ymin>286</ymin><xmax>280</xmax><ymax>307</ymax></bndbox></object><object><name>face</name><pose>Unspecified</pose><truncated>0</truncated><difficult>0</difficult><bndbox><xmin>310</xmin><ymin>297</ymin><xmax>324</xmax><ymax>315</ymax></bndbox></object><object><name>face</name><pose>Unspecified</pose><truncated>0</truncated><difficult>0</difficult><bndbox><xmin>361</xmin><ymin>292</ymin><xmax>375</xmax><ymax>310</ymax></bndbox></object><object><name>face</name><pose>Unspecified</pose><truncated>0</truncated><difficult>0</difficult><bndbox><xmin>437</xmin><ymin>293</ymin><xmax>452</xmax><ymax>315</ymax></bndbox></object><object><name>face</name><pose>Unspecified</pose><truncated>0</truncated><difficult>0</difficult><bndbox><xmin>506</xmin><ymin>271</ymin><xmax>522</xmax><ymax>294</ymax></bndbox></object><object><name>face</name><pose>Unspecified</pose><truncated>0</truncated><difficult>0</difficult><bndbox><xmin>559</xmin><ymin>284</ymin><xmax>573</xmax><ymax>309</ymax></bndbox></object><object><name>face</name><pose>Unspecified</pose><truncated>0</truncated><difficult>0</difficult><bndbox><xmin>588</xmin><ymin>288</ymin><xmax>602</xmax><ymax>307</ymax></bndbox></object><object><name>face</name><pose>Unspecified</pose><truncated>0</truncated><difficult>0</difficult><bndbox><xmin>633</xmin><ymin>283</ymin><xmax>647</xmax><ymax>306</ymax></bndbox></object></annotation>