<annotation><folder>17--Ceremony</folder><filename>17_Ceremony_Ceremony_17_785.jpg</filename><path>17--Ceremony/17_Ceremony_Ceremony_17_785.jpg</path><source><database>Unknown</database></source><size><width>1024</width><height>1103</height><depth>3</depth></size><segmented>0</segmented><object><name>face</name><pose>Unspecified</pose><truncated>0</truncated><difficult>0</difficult><bndbox><xmin>166</xmin><ymin>209</ymin><xmax>360</xmax><ymax>446</ymax></bndbox></object><object><name>face</name><pose>Unspecified</pose><truncated>0</truncated><difficult>0</difficult><bndbox><xmin>686</xmin><ymin>316</ymin><xmax>740</xmax><ymax>393</ymax></bndbox></object></annotation>