<annotation><folder>18--Concerts</folder><filename>18_Concerts_Concerts_18_1033.jpg</filename><path>18--Concerts/18_Concerts_Concerts_18_1033.jpg</path><source><database>Unknown</database></source><size><width>1024</width><height>715</height><depth>3</depth></size><segmented>0</segmented><object><name>face</name><pose>Unspecified</pose><truncated>0</truncated><difficult>0</difficult><bndbox><xmin>798</xmin><ymin>44</ymin><xmax>880</xmax><ymax>172</ymax></bndbox></object><object><name>face</name><pose>Unspecified</pose><truncated>0</truncated><difficult>0</difficult><bndbox><xmin>574</xmin><ymin>82</ymin><xmax>656</xmax><ymax>208</ymax></bndbox></object><object><name>face</name><pose>Unspecified</pose><truncated>0</truncated><difficult>0</difficult><bndbox><xmin>368</xmin><ymin>102</ymin><xmax>434</xmax><ymax>218</ymax></bndbox></object><object><name>face</name><pose>Unspecified</pose><truncated>0</truncated><difficult>0</difficult><bndbox><xmin>68</xmin><ymin>46</ymin><xmax>142</xmax><ymax>166</ymax></bndbox></object></annotation>