<annotation><folder>18--Concerts</folder><filename>18_Concerts_Concerts_18_672.jpg</filename><path>18--Concerts/18_Concerts_Concerts_18_672.jpg</path><source><database>Unknown</database></source><size><width>1024</width><height>1729</height><depth>3</depth></size><segmented>0</segmented><object><name>face</name><pose>Unspecified</pose><truncated>0</truncated><difficult>0</difficult><bndbox><xmin>426</xmin><ymin>81</ymin><xmax>561</xmax><ymax>243</ymax></bndbox></object><object><name>face</name><pose>Unspecified</pose><truncated>0</truncated><difficult>0</difficult><bndbox><xmin>466</xmin><ymin>1227</ymin><xmax>892</xmax><ymax>1528</ymax></bndbox></object></annotation>