<annotation><folder>18--Concerts</folder><filename>18_Concerts_Concerts_18_508.jpg</filename><path>18--Concerts/18_Concerts_Concerts_18_508.jpg</path><source><database>Unknown</database></source><size><width>1024</width><height>932</height><depth>3</depth></size><segmented>0</segmented><object><name>face</name><pose>Unspecified</pose><truncated>0</truncated><difficult>0</difficult><bndbox><xmin>517</xmin><ymin>258</ymin><xmax>619</xmax><ymax>422</ymax></bndbox></object><object><name>face</name><pose>Unspecified</pose><truncated>0</truncated><difficult>0</difficult><bndbox><xmin>996</xmin><ymin>360</ymin><xmax>1014</xmax><ymax>379</ymax></bndbox></object><object><name>face</name><pose>Unspecified</pose><truncated>0</truncated><difficult>0</difficult><bndbox><xmin>889</xmin><ymin>378</ymin><xmax>901</xmax><ymax>389</ymax></bndbox></object><object><name>face</name><pose>Unspecified</pose><truncated>0</truncated><difficult>0</difficult><bndbox><xmin>993</xmin><ymin>302</ymin><xmax>1001</xmax><ymax>318</ymax></bndbox></object></annotation>