<annotation><folder>18--Concerts</folder><filename>18_Concerts_Concerts_18_273.jpg</filename><path>18--Concerts/18_Concerts_Concerts_18_273.jpg</path><source><database>Unknown</database></source><size><width>1024</width><height>1024</height><depth>3</depth></size><segmented>0</segmented><object><name>face</name><pose>Unspecified</pose><truncated>0</truncated><difficult>0</difficult><bndbox><xmin>296</xmin><ymin>68</ymin><xmax>428</xmax><ymax>226</ymax></bndbox></object><object><name>face</name><pose>Unspecified</pose><truncated>0</truncated><difficult>0</difficult><bndbox><xmin>480</xmin><ymin>490</ymin><xmax>600</xmax><ymax>632</ymax></bndbox></object></annotation>