<annotation><folder>19--Couple</folder><filename>19_Couple_Couple_19_1010.jpg</filename><path>19--Couple/19_Couple_Couple_19_1010.jpg</path><source><database>Unknown</database></source><size><width>1024</width><height>854</height><depth>3</depth></size><segmented>0</segmented><object><name>face</name><pose>Unspecified</pose><truncated>0</truncated><difficult>0</difficult><bndbox><xmin>848</xmin><ymin>168</ymin><xmax>893</xmax><ymax>273</ymax></bndbox></object><object><name>face</name><pose>Unspecified</pose><truncated>0</truncated><difficult>0</difficult><bndbox><xmin>883</xmin><ymin>190</ymin><xmax>927</xmax><ymax>279</ymax></bndbox></object></annotation>