<annotation><folder>1--Handshaking</folder><filename>1_Handshaking_Handshaking_1_657.jpg</filename><path>1--Handshaking/1_Handshaking_Handshaking_1_657.jpg</path><source><database>Unknown</database></source><size><width>1024</width><height>769</height><depth>3</depth></size><segmented>0</segmented><object><name>face</name><pose>Unspecified</pose><truncated>0</truncated><difficult>0</difficult><bndbox><xmin>736</xmin><ymin>79</ymin><xmax>798</xmax><ymax>196</ymax></bndbox></object><object><name>face</name><pose>Unspecified</pose><truncated>0</truncated><difficult>0</difficult><bndbox><xmin>536</xmin><ymin>146</ymin><xmax>600</xmax><ymax>239</ymax></bndbox></object><object><name>face</name><pose>Unspecified</pose><truncated>0</truncated><difficult>0</difficult><bndbox><xmin>203</xmin><ymin>127</ymin><xmax>257</xmax><ymax>228</ymax></bndbox></object></annotation>