<annotation><folder>1--Handshaking</folder><filename>1_Handshaking_Handshaking_1_164.jpg</filename><path>1--Handshaking/1_Handshaking_Handshaking_1_164.jpg</path><source><database>Unknown</database></source><size><width>1024</width><height>1259</height><depth>3</depth></size><segmented>0</segmented><object><name>face</name><pose>Unspecified</pose><truncated>0</truncated><difficult>0</difficult><bndbox><xmin>223</xmin><ymin>101</ymin><xmax>351</xmax><ymax>275</ymax></bndbox></object><object><name>face</name><pose>Unspecified</pose><truncated>0</truncated><difficult>0</difficult><bndbox><xmin>533</xmin><ymin>101</ymin><xmax>666</xmax><ymax>280</ymax></bndbox></object></annotation>