<annotation><folder>1--Handshaking</folder><filename>1_Handshaking_Handshaking_1_571.jpg</filename><path>1--Handshaking/1_Handshaking_Handshaking_1_571.jpg</path><source><database>Unknown</database></source><size><width>1024</width><height>571</height><depth>3</depth></size><segmented>0</segmented><object><name>face</name><pose>Unspecified</pose><truncated>0</truncated><difficult>0</difficult><bndbox><xmin>744</xmin><ymin>142</ymin><xmax>784</xmax><ymax>207</ymax></bndbox></object><object><name>face</name><pose>Unspecified</pose><truncated>0</truncated><difficult>0</difficult><bndbox><xmin>632</xmin><ymin>172</ymin><xmax>673</xmax><ymax>228</ymax></bndbox></object><object><name>face</name><pose>Unspecified</pose><truncated>0</truncated><difficult>0</difficult><bndbox><xmin>512</xmin><ymin>98</ymin><xmax>530</xmax><ymax>118</ymax></bndbox></object><object><name>face</name><pose>Unspecified</pose><truncated>0</truncated><difficult>0</difficult><bndbox><xmin>491</xmin><ymin>180</ymin><xmax>530</xmax><ymax>232</ymax></bndbox></object><object><name>face</name><pose>Unspecified</pose><truncated>0</truncated><difficult>0</difficult><bndbox><xmin>175</xmin><ymin>185</ymin><xmax>213</xmax><ymax>243</ymax></bndbox></object><object><name>face</name><pose>Unspecified</pose><truncated>0</truncated><difficult>0</difficult><bndbox><xmin>372</xmin><ymin>188</ymin><xmax>418</xmax><ymax>221</ymax></bndbox></object></annotation>