<annotation><folder>1--Handshaking</folder><filename>1_Handshaking_Handshaking_1_199.jpg</filename><path>1--Handshaking/1_Handshaking_Handshaking_1_199.jpg</path><source><database>Unknown</database></source><size><width>1024</width><height>768</height><depth>3</depth></size><segmented>0</segmented><object><name>face</name><pose>Unspecified</pose><truncated>0</truncated><difficult>0</difficult><bndbox><xmin>514</xmin><ymin>327</ymin><xmax>580</xmax><ymax>443</ymax></bndbox></object><object><name>face</name><pose>Unspecified</pose><truncated>0</truncated><difficult>0</difficult><bndbox><xmin>680</xmin><ymin>401</ymin><xmax>707</xmax><ymax>438</ymax></bndbox></object><object><name>face</name><pose>Unspecified</pose><truncated>0</truncated><difficult>0</difficult><bndbox><xmin>662</xmin><ymin>416</ymin><xmax>691</xmax><ymax>455</ymax></bndbox></object></annotation>