<annotation><folder>1--Handshaking</folder><filename>1_Handshaking_Handshaking_1_417.jpg</filename><path>1--Handshaking/1_Handshaking_Handshaking_1_417.jpg</path><source><database>Unknown</database></source><size><width>1024</width><height>1495</height><depth>3</depth></size><segmented>0</segmented><object><name>face</name><pose>Unspecified</pose><truncated>0</truncated><difficult>0</difficult><bndbox><xmin>258</xmin><ymin>30</ymin><xmax>296</xmax><ymax>77</ymax></bndbox></object><object><name>face</name><pose>Unspecified</pose><truncated>0</truncated><difficult>0</difficult><bndbox><xmin>221</xmin><ymin>93</ymin><xmax>272</xmax><ymax>160</ymax></bndbox></object><object><name>face</name><pose>Unspecified</pose><truncated>0</truncated><difficult>0</difficult><bndbox><xmin>132</xmin><ymin>189</ymin><xmax>208</xmax><ymax>295</ymax></bndbox></object><object><name>face</name><pose>Unspecified</pose><truncated>0</truncated><difficult>0</difficult><bndbox><xmin>459</xmin><ymin>61</ymin><xmax>576</xmax><ymax>215</ymax></bndbox></object><object><name>face</name><pose>Unspecified</pose><truncated>0</truncated><difficult>0</difficult><bndbox><xmin>665</xmin><ymin>55</ymin><xmax>774</xmax><ymax>201</ymax></bndbox></object><object><name>face</name><pose>Unspecified</pose><truncated>0</truncated><difficult>0</difficult><bndbox><xmin>476</xmin><ymin>512</ymin><xmax>569</xmax><ymax>622</ymax></bndbox></object><object><name>face</name><pose>Unspecified</pose><truncated>0</truncated><difficult>0</difficult><bndbox><xmin>606</xmin><ymin>536</ymin><xmax>668</xmax><ymax>634</ymax></bndbox></object><object><name>face</name><pose>Unspecified</pose><truncated>0</truncated><difficult>0</difficult><bndbox><xmin>238</xmin><ymin>699</ymin><xmax>278</xmax><ymax>806</ymax></bndbox></object><object><name>face</name><pose>Unspecified</pose><truncated>0</truncated><difficult>0</difficult><bndbox><xmin>388</xmin><ymin>1098</ymin><xmax>434</xmax><ymax>1159</ymax></bndbox></object><object><name>face</name><pose>Unspecified</pose><truncated>0</truncated><difficult>0</difficult><bndbox><xmin>153</xmin><ymin>1188</ymin><xmax>182</xmax><ymax>1229</ymax></bndbox></object><object><name>face</name><pose>Unspecified</pose><truncated>0</truncated><difficult>0</difficult><bndbox><xmin>183</xmin><ymin>1179</ymin><xmax>203</xmax><ymax>1208</ymax></bndbox></object><object><name>face</name><pose>Unspecified</pose><truncated>0</truncated><difficult>0</difficult><bndbox><xmin>239</xmin><ymin>1151</ymin><xmax>265</xmax><ymax>1186</ymax></bndbox></object><object><name>face</name><pose>Unspecified</pose><truncated>0</truncated><difficult>0</difficult><bndbox><xmin>670</xmin><ymin>1161</ymin><xmax>699</xmax><ymax>1213</ymax></bndbox></object><object><name>face</name><pose>Unspecified</pose><truncated>0</truncated><difficult>0</difficult><bndbox><xmin>832</xmin><ymin>1124</ymin><xmax>866</xmax><ymax>1186</ymax></bndbox></object><object><name>face</name><pose>Unspecified</pose><truncated>0</truncated><difficult>0</difficult><bndbox><xmin>911</xmin><ymin>1162</ymin><xmax>968</xmax><ymax>1221</ymax></bndbox></object><object><name>face</name><pose>Unspecified</pose><truncated>0</truncated><difficult>0</difficult><bndbox><xmin>833</xmin><ymin>219</ymin><xmax>919</xmax><ymax>338</ymax></bndbox></object><object><name>face</name><pose>Unspecified</pose><truncated>0</truncated><difficult>0</difficult><bndbox><xmin>972</xmin><ymin>138</ymin><xmax>1023</xmax><ymax>249</ymax></bndbox></object><object><name>face</name><pose>Unspecified</pose><truncated>0</truncated><difficult>0</difficult><bndbox><xmin>273</xmin><ymin>864</ymin><xmax>342</xmax><ymax>942</ymax></bndbox></object><object><name>face</name><pose>Unspecified</pose><truncated>0</truncated><difficult>0</difficult><bndbox><xmin>398</xmin><ymin>823</ymin><xmax>460</xmax><ymax>906</ymax></bndbox></object><object><name>face</name><pose>Unspecified</pose><truncated>0</truncated><difficult>0</difficult><bndbox><xmin>740</xmin><ymin>1164</ymin><xmax>771</xmax><ymax>1219</ymax></bndbox></object><object><name>face</name><pose>Unspecified</pose><truncated>0</truncated><difficult>0</difficult><bndbox><xmin>712</xmin><ymin>1213</ymin><xmax>748</xmax><ymax>1261</ymax></bndbox></object><object><name>face</name><pose>Unspecified</pose><truncated>0</truncated><difficult>0</difficult><bndbox><xmin>42</xmin><ymin>1182</ymin><xmax>72</xmax><ymax>1224</ymax></bndbox></object><object><name>face</name><pose>Unspecified</pose><truncated>0</truncated><difficult>0</difficult><bndbox><xmin>109</xmin><ymin>1218</ymin><xmax>132</xmax><ymax>1271</ymax></bndbox></object><object><name>face</name><pose>Unspecified</pose><truncated>0</truncated><difficult>0</difficult><bndbox><xmin>418</xmin><ymin>5</ymin><xmax>489</xmax><ymax>97</ymax></bndbox></object><object><name>face</name><pose>Unspecified</pose><truncated>0</truncated><difficult>0</difficult><bndbox><xmin>534</xmin><ymin>1154</ymin><xmax>565</xmax><ymax>1196</ymax></bndbox></object><object><name>face</name><pose>Unspecified</pose><truncated>0</truncated><difficult>0</difficult><bndbox><xmin>483</xmin><ymin>1147</ymin><xmax>522</xmax><ymax>1197</ymax></bndbox></object><object><name>face</name><pose>Unspecified</pose><truncated>0</truncated><difficult>0</difficult><bndbox><xmin>992</xmin><ymin>1162</ymin><xmax>1024</xmax><ymax>1203</ymax></bndbox></object></annotation>