<annotation><folder>1--Handshaking</folder><filename>1_Handshaking_Handshaking_1_203.jpg</filename><path>1--Handshaking/1_Handshaking_Handshaking_1_203.jpg</path><source><database>Unknown</database></source><size><width>1024</width><height>1406</height><depth>3</depth></size><segmented>0</segmented><object><name>face</name><pose>Unspecified</pose><truncated>0</truncated><difficult>0</difficult><bndbox><xmin>143</xmin><ymin>258</ymin><xmax>256</xmax><ymax>475</ymax></bndbox></object><object><name>face</name><pose>Unspecified</pose><truncated>0</truncated><difficult>0</difficult><bndbox><xmin>242</xmin><ymin>434</ymin><xmax>333</xmax><ymax>596</ymax></bndbox></object><object><name>face</name><pose>Unspecified</pose><truncated>0</truncated><difficult>0</difficult><bndbox><xmin>692</xmin><ymin>387</ymin><xmax>774</xmax><ymax>565</ymax></bndbox></object><object><name>face</name><pose>Unspecified</pose><truncated>0</truncated><difficult>0</difficult><bndbox><xmin>782</xmin><ymin>527</ymin><xmax>867</xmax><ymax>703</ymax></bndbox></object></annotation>