<annotation><folder>1--Handshaking</folder><filename>1_Handshaking_Handshaking_1_410.jpg</filename><path>1--Handshaking/1_Handshaking_Handshaking_1_410.jpg</path><source><database>Unknown</database></source><size><width>1024</width><height>577</height><depth>3</depth></size><segmented>0</segmented><object><name>face</name><pose>Unspecified</pose><truncated>0</truncated><difficult>0</difficult><bndbox><xmin>413</xmin><ymin>69</ymin><xmax>529</xmax><ymax>226</ymax></bndbox></object><object><name>face</name><pose>Unspecified</pose><truncated>0</truncated><difficult>0</difficult><bndbox><xmin>69</xmin><ymin>20</ymin><xmax>94</xmax><ymax>55</ymax></bndbox></object><object><name>face</name><pose>Unspecified</pose><truncated>0</truncated><difficult>0</difficult><bndbox><xmin>43</xmin><ymin>189</ymin><xmax>70</xmax><ymax>223</ymax></bndbox></object></annotation>