<annotation><folder>1--Handshaking</folder><filename>1_Handshaking_Handshaking_1_860.jpg</filename><path>1--Handshaking/1_Handshaking_Handshaking_1_860.jpg</path><source><database>Unknown</database></source><size><width>1024</width><height>768</height><depth>3</depth></size><segmented>0</segmented><object><name>face</name><pose>Unspecified</pose><truncated>0</truncated><difficult>0</difficult><bndbox><xmin>736</xmin><ymin>92</ymin><xmax>822</xmax><ymax>220</ymax></bndbox></object><object><name>face</name><pose>Unspecified</pose><truncated>0</truncated><difficult>0</difficult><bndbox><xmin>218</xmin><ymin>302</ymin><xmax>310</xmax><ymax>412</ymax></bndbox></object><object><name>face</name><pose>Unspecified</pose><truncated>0</truncated><difficult>0</difficult><bndbox><xmin>372</xmin><ymin>370</ymin><xmax>434</xmax><ymax>462</ymax></bndbox></object></annotation>