<annotation><folder>20--Family_Group</folder><filename>20_Family_Group_Family_Group_20_630.jpg</filename><path>20--Family_Group/20_Family_Group_Family_Group_20_630.jpg</path><source><database>Unknown</database></source><size><width>1024</width><height>576</height><depth>3</depth></size><segmented>0</segmented><object><name>face</name><pose>Unspecified</pose><truncated>0</truncated><difficult>0</difficult><bndbox><xmin>581</xmin><ymin>35</ymin><xmax>633</xmax><ymax>98</ymax></bndbox></object><object><name>face</name><pose>Unspecified</pose><truncated>0</truncated><difficult>0</difficult><bndbox><xmin>708</xmin><ymin>33</ymin><xmax>755</xmax><ymax>93</ymax></bndbox></object><object><name>face</name><pose>Unspecified</pose><truncated>0</truncated><difficult>0</difficult><bndbox><xmin>163</xmin><ymin>205</ymin><xmax>217</xmax><ymax>270</ymax></bndbox></object></annotation>