<annotation><folder>20--Family_Group</folder><filename>20_Family_Group_Family_Group_20_445.jpg</filename><path>20--Family_Group/20_Family_Group_Family_Group_20_445.jpg</path><source><database>Unknown</database></source><size><width>1024</width><height>1024</height><depth>3</depth></size><segmented>0</segmented><object><name>face</name><pose>Unspecified</pose><truncated>0</truncated><difficult>0</difficult><bndbox><xmin>148</xmin><ymin>528</ymin><xmax>342</xmax><ymax>748</ymax></bndbox></object><object><name>face</name><pose>Unspecified</pose><truncated>0</truncated><difficult>0</difficult><bndbox><xmin>272</xmin><ymin>264</ymin><xmax>324</xmax><ymax>332</ymax></bndbox></object><object><name>face</name><pose>Unspecified</pose><truncated>0</truncated><difficult>0</difficult><bndbox><xmin>480</xmin><ymin>102</ymin><xmax>572</xmax><ymax>216</ymax></bndbox></object></annotation>