<annotation><folder>20--Family_Group</folder><filename>20_Family_Group_Family_Group_20_118.jpg</filename><path>20--Family_Group/20_Family_Group_Family_Group_20_118.jpg</path><source><database>Unknown</database></source><size><width>1024</width><height>701</height><depth>3</depth></size><segmented>0</segmented><object><name>face</name><pose>Unspecified</pose><truncated>0</truncated><difficult>0</difficult><bndbox><xmin>96</xmin><ymin>174</ymin><xmax>238</xmax><ymax>374</ymax></bndbox></object><object><name>face</name><pose>Unspecified</pose><truncated>0</truncated><difficult>0</difficult><bndbox><xmin>268</xmin><ymin>118</ymin><xmax>408</xmax><ymax>292</ymax></bndbox></object><object><name>face</name><pose>Unspecified</pose><truncated>0</truncated><difficult>0</difficult><bndbox><xmin>458</xmin><ymin>58</ymin><xmax>586</xmax><ymax>228</ymax></bndbox></object><object><name>face</name><pose>Unspecified</pose><truncated>0</truncated><difficult>0</difficult><bndbox><xmin>746</xmin><ymin>108</ymin><xmax>880</xmax><ymax>296</ymax></bndbox></object><object><name>face</name><pose>Unspecified</pose><truncated>0</truncated><difficult>0</difficult><bndbox><xmin>304</xmin><ymin>370</ymin><xmax>436</xmax><ymax>548</ymax></bndbox></object><object><name>face</name><pose>Unspecified</pose><truncated>0</truncated><difficult>0</difficult><bndbox><xmin>492</xmin><ymin>350</ymin><xmax>628</xmax><ymax>530</ymax></bndbox></object></annotation>