<annotation><folder>20--Family_Group</folder><filename>20_Family_Group_Family_Group_20_264.jpg</filename><path>20--Family_Group/20_Family_Group_Family_Group_20_264.jpg</path><source><database>Unknown</database></source><size><width>1024</width><height>833</height><depth>3</depth></size><segmented>0</segmented><object><name>face</name><pose>Unspecified</pose><truncated>0</truncated><difficult>0</difficult><bndbox><xmin>145</xmin><ymin>249</ymin><xmax>196</xmax><ymax>304</ymax></bndbox></object><object><name>face</name><pose>Unspecified</pose><truncated>0</truncated><difficult>0</difficult><bndbox><xmin>189</xmin><ymin>183</ymin><xmax>242</xmax><ymax>238</ymax></bndbox></object><object><name>face</name><pose>Unspecified</pose><truncated>0</truncated><difficult>0</difficult><bndbox><xmin>271</xmin><ymin>226</ymin><xmax>311</xmax><ymax>262</ymax></bndbox></object><object><name>face</name><pose>Unspecified</pose><truncated>0</truncated><difficult>0</difficult><bndbox><xmin>380</xmin><ymin>216</ymin><xmax>429</xmax><ymax>267</ymax></bndbox></object><object><name>face</name><pose>Unspecified</pose><truncated>0</truncated><difficult>0</difficult><bndbox><xmin>518</xmin><ymin>196</ymin><xmax>559</xmax><ymax>250</ymax></bndbox></object><object><name>face</name><pose>Unspecified</pose><truncated>0</truncated><difficult>0</difficult><bndbox><xmin>665</xmin><ymin>190</ymin><xmax>711</xmax><ymax>245</ymax></bndbox></object><object><name>face</name><pose>Unspecified</pose><truncated>0</truncated><difficult>0</difficult><bndbox><xmin>781</xmin><ymin>248</ymin><xmax>827</xmax><ymax>295</ymax></bndbox></object><object><name>face</name><pose>Unspecified</pose><truncated>0</truncated><difficult>0</difficult><bndbox><xmin>696</xmin><ymin>119</ymin><xmax>747</xmax><ymax>177</ymax></bndbox></object><object><name>face</name><pose>Unspecified</pose><truncated>0</truncated><difficult>0</difficult><bndbox><xmin>619</xmin><ymin>118</ymin><xmax>659</xmax><ymax>167</ymax></bndbox></object><object><name>face</name><pose>Unspecified</pose><truncated>0</truncated><difficult>0</difficult><bndbox><xmin>420</xmin><ymin>85</ymin><xmax>466</xmax><ymax>139</ymax></bndbox></object><object><name>face</name><pose>Unspecified</pose><truncated>0</truncated><difficult>0</difficult><bndbox><xmin>509</xmin><ymin>320</ymin><xmax>559</xmax><ymax>379</ymax></bndbox></object><object><name>face</name><pose>Unspecified</pose><truncated>0</truncated><difficult>0</difficult><bndbox><xmin>393</xmin><ymin>377</ymin><xmax>442</xmax><ymax>427</ymax></bndbox></object><object><name>face</name><pose>Unspecified</pose><truncated>0</truncated><difficult>0</difficult><bndbox><xmin>467</xmin><ymin>153</ymin><xmax>512</xmax><ymax>197</ymax></bndbox></object><object><name>face</name><pose>Unspecified</pose><truncated>0</truncated><difficult>0</difficult><bndbox><xmin>325</xmin><ymin>159</ymin><xmax>366</xmax><ymax>204</ymax></bndbox></object></annotation>