<annotation><folder>20--Family_Group</folder><filename>20_Family_Group_Family_Group_20_465.jpg</filename><path>20--Family_Group/20_Family_Group_Family_Group_20_465.jpg</path><source><database>Unknown</database></source><size><width>1024</width><height>947</height><depth>3</depth></size><segmented>0</segmented><object><name>face</name><pose>Unspecified</pose><truncated>0</truncated><difficult>0</difficult><bndbox><xmin>56</xmin><ymin>130</ymin><xmax>140</xmax><ymax>260</ymax></bndbox></object><object><name>face</name><pose>Unspecified</pose><truncated>0</truncated><difficult>0</difficult><bndbox><xmin>246</xmin><ymin>152</ymin><xmax>312</xmax><ymax>258</ymax></bndbox></object><object><name>face</name><pose>Unspecified</pose><truncated>0</truncated><difficult>0</difficult><bndbox><xmin>382</xmin><ymin>138</ymin><xmax>454</xmax><ymax>248</ymax></bndbox></object><object><name>face</name><pose>Unspecified</pose><truncated>0</truncated><difficult>0</difficult><bndbox><xmin>540</xmin><ymin>178</ymin><xmax>620</xmax><ymax>282</ymax></bndbox></object><object><name>face</name><pose>Unspecified</pose><truncated>0</truncated><difficult>0</difficult><bndbox><xmin>686</xmin><ymin>160</ymin><xmax>752</xmax><ymax>262</ymax></bndbox></object><object><name>face</name><pose>Unspecified</pose><truncated>0</truncated><difficult>0</difficult><bndbox><xmin>872</xmin><ymin>164</ymin><xmax>958</xmax><ymax>270</ymax></bndbox></object><object><name>face</name><pose>Unspecified</pose><truncated>0</truncated><difficult>0</difficult><bndbox><xmin>422</xmin><ymin>426</ymin><xmax>528</xmax><ymax>554</ymax></bndbox></object></annotation>