<annotation><folder>20--Family_Group</folder><filename>20_Family_Group_Family_Group_20_377.jpg</filename><path>20--Family_Group/20_Family_Group_Family_Group_20_377.jpg</path><source><database>Unknown</database></source><size><width>1024</width><height>754</height><depth>3</depth></size><segmented>0</segmented><object><name>face</name><pose>Unspecified</pose><truncated>0</truncated><difficult>0</difficult><bndbox><xmin>222</xmin><ymin>230</ymin><xmax>408</xmax><ymax>398</ymax></bndbox></object><object><name>face</name><pose>Unspecified</pose><truncated>0</truncated><difficult>0</difficult><bndbox><xmin>384</xmin><ymin>384</ymin><xmax>540</xmax><ymax>562</ymax></bndbox></object><object><name>face</name><pose>Unspecified</pose><truncated>0</truncated><difficult>0</difficult><bndbox><xmin>618</xmin><ymin>148</ymin><xmax>790</xmax><ymax>358</ymax></bndbox></object><object><name>face</name><pose>Unspecified</pose><truncated>0</truncated><difficult>0</difficult><bndbox><xmin>644</xmin><ymin>478</ymin><xmax>810</xmax><ymax>644</ymax></bndbox></object></annotation>