<annotation><folder>20--Family_Group</folder><filename>20_Family_Group_Family_Group_20_1045.jpg</filename><path>20--Family_Group/20_Family_Group_Family_Group_20_1045.jpg</path><source><database>Unknown</database></source><size><width>1024</width><height>1024</height><depth>3</depth></size><segmented>0</segmented><object><name>face</name><pose>Unspecified</pose><truncated>0</truncated><difficult>0</difficult><bndbox><xmin>86</xmin><ymin>38</ymin><xmax>225</xmax><ymax>217</ymax></bndbox></object><object><name>face</name><pose>Unspecified</pose><truncated>0</truncated><difficult>0</difficult><bndbox><xmin>430</xmin><ymin>85</ymin><xmax>573</xmax><ymax>268</ymax></bndbox></object><object><name>face</name><pose>Unspecified</pose><truncated>0</truncated><difficult>0</difficult><bndbox><xmin>806</xmin><ymin>101</ymin><xmax>957</xmax><ymax>285</ymax></bndbox></object><object><name>face</name><pose>Unspecified</pose><truncated>0</truncated><difficult>0</difficult><bndbox><xmin>828</xmin><ymin>608</ymin><xmax>971</xmax><ymax>776</ymax></bndbox></object><object><name>face</name><pose>Unspecified</pose><truncated>0</truncated><difficult>0</difficult><bndbox><xmin>700</xmin><ymin>579</ymin><xmax>754</xmax><ymax>644</ymax></bndbox></object><object><name>face</name><pose>Unspecified</pose><truncated>0</truncated><difficult>0</difficult><bndbox><xmin>551</xmin><ymin>511</ymin><xmax>599</xmax><ymax>562</ymax></bndbox></object><object><name>face</name><pose>Unspecified</pose><truncated>0</truncated><difficult>0</difficult><bndbox><xmin>376</xmin><ymin>574</ymin><xmax>425</xmax><ymax>630</ymax></bndbox></object><object><name>face</name><pose>Unspecified</pose><truncated>0</truncated><difficult>0</difficult><bndbox><xmin>298</xmin><ymin>494</ymin><xmax>343</xmax><ymax>546</ymax></bndbox></object><object><name>face</name><pose>Unspecified</pose><truncated>0</truncated><difficult>0</difficult><bndbox><xmin>129</xmin><ymin>485</ymin><xmax>170</xmax><ymax>539</ymax></bndbox></object><object><name>face</name><pose>Unspecified</pose><truncated>0</truncated><difficult>0</difficult><bndbox><xmin>12</xmin><ymin>582</ymin><xmax>63</xmax><ymax>642</ymax></bndbox></object></annotation>