<annotation><folder>20--Family_Group</folder><filename>20_Family_Group_Family_Group_20_510.jpg</filename><path>20--Family_Group/20_Family_Group_Family_Group_20_510.jpg</path><source><database>Unknown</database></source><size><width>1024</width><height>2517</height><depth>3</depth></size><segmented>0</segmented><object><name>face</name><pose>Unspecified</pose><truncated>0</truncated><difficult>0</difficult><bndbox><xmin>286</xmin><ymin>364</ymin><xmax>527</xmax><ymax>674</ymax></bndbox></object><object><name>face</name><pose>Unspecified</pose><truncated>0</truncated><difficult>0</difficult><bndbox><xmin>630</xmin><ymin>1595</ymin><xmax>812</xmax><ymax>1841</ymax></bndbox></object></annotation>