<annotation><folder>21--Festival</folder><filename>21_Festival_Festival_21_563.jpg</filename><path>21--Festival/21_Festival_Festival_21_563.jpg</path><source><database>Unknown</database></source><size><width>1024</width><height>832</height><depth>3</depth></size><segmented>0</segmented><object><name>face</name><pose>Unspecified</pose><truncated>0</truncated><difficult>0</difficult><bndbox><xmin>92</xmin><ymin>48</ymin><xmax>198</xmax><ymax>200</ymax></bndbox></object><object><name>face</name><pose>Unspecified</pose><truncated>0</truncated><difficult>0</difficult><bndbox><xmin>604</xmin><ymin>52</ymin><xmax>710</xmax><ymax>198</ymax></bndbox></object><object><name>face</name><pose>Unspecified</pose><truncated>0</truncated><difficult>0</difficult><bndbox><xmin>608</xmin><ymin>474</ymin><xmax>712</xmax><ymax>624</ymax></bndbox></object><object><name>face</name><pose>Unspecified</pose><truncated>0</truncated><difficult>0</difficult><bndbox><xmin>92</xmin><ymin>482</ymin><xmax>196</xmax><ymax>624</ymax></bndbox></object><object><name>face</name><pose>Unspecified</pose><truncated>0</truncated><difficult>0</difficult><bndbox><xmin>452</xmin><ymin>450</ymin><xmax>510</xmax><ymax>610</ymax></bndbox></object></annotation>