<annotation><folder>21--Festival</folder><filename>21_Festival_Festival_21_746.jpg</filename><path>21--Festival/21_Festival_Festival_21_746.jpg</path><source><database>Unknown</database></source><size><width>1024</width><height>768</height><depth>3</depth></size><segmented>0</segmented><object><name>face</name><pose>Unspecified</pose><truncated>0</truncated><difficult>0</difficult><bndbox><xmin>414</xmin><ymin>192</ymin><xmax>432</xmax><ymax>228</ymax></bndbox></object><object><name>face</name><pose>Unspecified</pose><truncated>0</truncated><difficult>0</difficult><bndbox><xmin>869</xmin><ymin>190</ymin><xmax>889</xmax><ymax>222</ymax></bndbox></object><object><name>face</name><pose>Unspecified</pose><truncated>0</truncated><difficult>0</difficult><bndbox><xmin>892</xmin><ymin>269</ymin><xmax>910</xmax><ymax>299</ymax></bndbox></object><object><name>face</name><pose>Unspecified</pose><truncated>0</truncated><difficult>0</difficult><bndbox><xmin>384</xmin><ymin>50</ymin><xmax>394</xmax><ymax>66</ymax></bndbox></object><object><name>face</name><pose>Unspecified</pose><truncated>0</truncated><difficult>0</difficult><bndbox><xmin>996</xmin><ymin>69</ymin><xmax>1007</xmax><ymax>85</ymax></bndbox></object><object><name>face</name><pose>Unspecified</pose><truncated>0</truncated><difficult>0</difficult><bndbox><xmin>976</xmin><ymin>67</ymin><xmax>991</xmax><ymax>82</ymax></bndbox></object><object><name>face</name><pose>Unspecified</pose><truncated>0</truncated><difficult>0</difficult><bndbox><xmin>933</xmin><ymin>69</ymin><xmax>943</xmax><ymax>80</ymax></bndbox></object><object><name>face</name><pose>Unspecified</pose><truncated>0</truncated><difficult>0</difficult><bndbox><xmin>868</xmin><ymin>58</ymin><xmax>880</xmax><ymax>70</ymax></bndbox></object><object><name>face</name><pose>Unspecified</pose><truncated>0</truncated><difficult>0</difficult><bndbox><xmin>910</xmin><ymin>47</ymin><xmax>923</xmax><ymax>64</ymax></bndbox></object><object><name>face</name><pose>Unspecified</pose><truncated>0</truncated><difficult>0</difficult><bndbox><xmin>858</xmin><ymin>35</ymin><xmax>869</xmax><ymax>49</ymax></bndbox></object><object><name>face</name><pose>Unspecified</pose><truncated>0</truncated><difficult>0</difficult><bndbox><xmin>944</xmin><ymin>71</ymin><xmax>959</xmax><ymax>86</ymax></bndbox></object><object><name>face</name><pose>Unspecified</pose><truncated>0</truncated><difficult>0</difficult><bndbox><xmin>833</xmin><ymin>33</ymin><xmax>846</xmax><ymax>47</ymax></bndbox></object></annotation>