<annotation><folder>21--Festival</folder><filename>21_Festival_Festival_21_206.jpg</filename><path>21--Festival/21_Festival_Festival_21_206.jpg</path><source><database>Unknown</database></source><size><width>1024</width><height>765</height><depth>3</depth></size><segmented>0</segmented><object><name>face</name><pose>Unspecified</pose><truncated>0</truncated><difficult>0</difficult><bndbox><xmin>907</xmin><ymin>453</ymin><xmax>927</xmax><ymax>475</ymax></bndbox></object><object><name>face</name><pose>Unspecified</pose><truncated>0</truncated><difficult>0</difficult><bndbox><xmin>986</xmin><ymin>510</ymin><xmax>1024</xmax><ymax>565</ymax></bndbox></object><object><name>face</name><pose>Unspecified</pose><truncated>0</truncated><difficult>0</difficult><bndbox><xmin>278</xmin><ymin>437</ymin><xmax>298</xmax><ymax>464</ymax></bndbox></object><object><name>face</name><pose>Unspecified</pose><truncated>0</truncated><difficult>0</difficult><bndbox><xmin>365</xmin><ymin>470</ymin><xmax>385</xmax><ymax>494</ymax></bndbox></object><object><name>face</name><pose>Unspecified</pose><truncated>0</truncated><difficult>0</difficult><bndbox><xmin>483</xmin><ymin>452</ymin><xmax>493</xmax><ymax>463</ymax></bndbox></object><object><name>face</name><pose>Unspecified</pose><truncated>0</truncated><difficult>0</difficult><bndbox><xmin>676</xmin><ymin>421</ymin><xmax>684</xmax><ymax>434</ymax></bndbox></object><object><name>face</name><pose>Unspecified</pose><truncated>0</truncated><difficult>0</difficult><bndbox><xmin>707</xmin><ymin>426</ymin><xmax>724</xmax><ymax>444</ymax></bndbox></object><object><name>face</name><pose>Unspecified</pose><truncated>0</truncated><difficult>0</difficult><bndbox><xmin>773</xmin><ymin>433</ymin><xmax>786</xmax><ymax>450</ymax></bndbox></object><object><name>face</name><pose>Unspecified</pose><truncated>0</truncated><difficult>0</difficult><bndbox><xmin>803</xmin><ymin>428</ymin><xmax>815</xmax><ymax>447</ymax></bndbox></object><object><name>face</name><pose>Unspecified</pose><truncated>0</truncated><difficult>0</difficult><bndbox><xmin>843</xmin><ymin>427</ymin><xmax>856</xmax><ymax>445</ymax></bndbox></object><object><name>face</name><pose>Unspecified</pose><truncated>0</truncated><difficult>0</difficult><bndbox><xmin>808</xmin><ymin>514</ymin><xmax>852</xmax><ymax>566</ymax></bndbox></object></annotation>