<annotation><folder>21--Festival</folder><filename>21_Festival_Festival_21_136.jpg</filename><path>21--Festival/21_Festival_Festival_21_136.jpg</path><source><database>Unknown</database></source><size><width>1024</width><height>683</height><depth>3</depth></size><segmented>0</segmented><object><name>face</name><pose>Unspecified</pose><truncated>0</truncated><difficult>0</difficult><bndbox><xmin>942</xmin><ymin>141</ymin><xmax>970</xmax><ymax>175</ymax></bndbox></object><object><name>face</name><pose>Unspecified</pose><truncated>0</truncated><difficult>0</difficult><bndbox><xmin>593</xmin><ymin>269</ymin><xmax>650</xmax><ymax>333</ymax></bndbox></object><object><name>face</name><pose>Unspecified</pose><truncated>0</truncated><difficult>0</difficult><bndbox><xmin>336</xmin><ymin>178</ymin><xmax>360</xmax><ymax>209</ymax></bndbox></object><object><name>face</name><pose>Unspecified</pose><truncated>0</truncated><difficult>0</difficult><bndbox><xmin>146</xmin><ymin>165</ymin><xmax>168</xmax><ymax>191</ymax></bndbox></object><object><name>face</name><pose>Unspecified</pose><truncated>0</truncated><difficult>0</difficult><bndbox><xmin>189</xmin><ymin>299</ymin><xmax>226</xmax><ymax>354</ymax></bndbox></object><object><name>face</name><pose>Unspecified</pose><truncated>0</truncated><difficult>0</difficult><bndbox><xmin>723</xmin><ymin>280</ymin><xmax>773</xmax><ymax>337</ymax></bndbox></object></annotation>