<annotation><folder>22--Picnic</folder><filename>22_Picnic_Picnic_22_62.jpg</filename><path>22--Picnic/22_Picnic_Picnic_22_62.jpg</path><source><database>Unknown</database></source><size><width>1024</width><height>691</height><depth>3</depth></size><segmented>0</segmented><object><name>face</name><pose>Unspecified</pose><truncated>0</truncated><difficult>0</difficult><bndbox><xmin>249</xmin><ymin>295</ymin><xmax>290</xmax><ymax>348</ymax></bndbox></object><object><name>face</name><pose>Unspecified</pose><truncated>0</truncated><difficult>0</difficult><bndbox><xmin>548</xmin><ymin>356</ymin><xmax>597</xmax><ymax>402</ymax></bndbox></object><object><name>face</name><pose>Unspecified</pose><truncated>0</truncated><difficult>0</difficult><bndbox><xmin>822</xmin><ymin>297</ymin><xmax>860</xmax><ymax>359</ymax></bndbox></object><object><name>face</name><pose>Unspecified</pose><truncated>0</truncated><difficult>0</difficult><bndbox><xmin>716</xmin><ymin>441</ymin><xmax>748</xmax><ymax>480</ymax></bndbox></object><object><name>face</name><pose>Unspecified</pose><truncated>0</truncated><difficult>0</difficult><bndbox><xmin>495</xmin><ymin>447</ymin><xmax>529</xmax><ymax>498</ymax></bndbox></object></annotation>