<annotation><folder>22--Picnic</folder><filename>22_Picnic_Picnic_22_277.jpg</filename><path>22--Picnic/22_Picnic_Picnic_22_277.jpg</path><source><database>Unknown</database></source><size><width>1024</width><height>1024</height><depth>3</depth></size><segmented>0</segmented><object><name>face</name><pose>Unspecified</pose><truncated>0</truncated><difficult>0</difficult><bndbox><xmin>196</xmin><ymin>410</ymin><xmax>270</xmax><ymax>524</ymax></bndbox></object><object><name>face</name><pose>Unspecified</pose><truncated>0</truncated><difficult>0</difficult><bndbox><xmin>344</xmin><ymin>404</ymin><xmax>406</xmax><ymax>492</ymax></bndbox></object><object><name>face</name><pose>Unspecified</pose><truncated>0</truncated><difficult>0</difficult><bndbox><xmin>634</xmin><ymin>222</ymin><xmax>692</xmax><ymax>308</ymax></bndbox></object></annotation>