<annotation><folder>22--Picnic</folder><filename>22_Picnic_Picnic_22_68.jpg</filename><path>22--Picnic/22_Picnic_Picnic_22_68.jpg</path><source><database>Unknown</database></source><size><width>1024</width><height>1366</height><depth>3</depth></size><segmented>0</segmented><object><name>face</name><pose>Unspecified</pose><truncated>0</truncated><difficult>0</difficult><bndbox><xmin>393</xmin><ymin>806</ymin><xmax>456</xmax><ymax>881</ymax></bndbox></object><object><name>face</name><pose>Unspecified</pose><truncated>0</truncated><difficult>0</difficult><bndbox><xmin>487</xmin><ymin>757</ymin><xmax>530</xmax><ymax>817</ymax></bndbox></object><object><name>face</name><pose>Unspecified</pose><truncated>0</truncated><difficult>0</difficult><bndbox><xmin>563</xmin><ymin>717</ymin><xmax>621</xmax><ymax>787</ymax></bndbox></object><object><name>face</name><pose>Unspecified</pose><truncated>0</truncated><difficult>0</difficult><bndbox><xmin>771</xmin><ymin>812</ymin><xmax>815</xmax><ymax>882</ymax></bndbox></object></annotation>