<annotation><folder>22--Picnic</folder><filename>22_Picnic_Picnic_22_193.jpg</filename><path>22--Picnic/22_Picnic_Picnic_22_193.jpg</path><source><database>Unknown</database></source><size><width>1024</width><height>690</height><depth>3</depth></size><segmented>0</segmented><object><name>face</name><pose>Unspecified</pose><truncated>0</truncated><difficult>0</difficult><bndbox><xmin>386</xmin><ymin>174</ymin><xmax>472</xmax><ymax>284</ymax></bndbox></object><object><name>face</name><pose>Unspecified</pose><truncated>0</truncated><difficult>0</difficult><bndbox><xmin>824</xmin><ymin>202</ymin><xmax>906</xmax><ymax>314</ymax></bndbox></object></annotation>