<annotation><folder>22--Picnic</folder><filename>22_Picnic_Picnic_22_664.jpg</filename><path>22--Picnic/22_Picnic_Picnic_22_664.jpg</path><source><database>Unknown</database></source><size><width>1024</width><height>692</height><depth>3</depth></size><segmented>0</segmented><object><name>face</name><pose>Unspecified</pose><truncated>0</truncated><difficult>0</difficult><bndbox><xmin>92</xmin><ymin>223</ymin><xmax>203</xmax><ymax>354</ymax></bndbox></object><object><name>face</name><pose>Unspecified</pose><truncated>0</truncated><difficult>0</difficult><bndbox><xmin>119</xmin><ymin>98</ymin><xmax>158</xmax><ymax>147</ymax></bndbox></object><object><name>face</name><pose>Unspecified</pose><truncated>0</truncated><difficult>0</difficult><bndbox><xmin>424</xmin><ymin>84</ymin><xmax>455</xmax><ymax>147</ymax></bndbox></object><object><name>face</name><pose>Unspecified</pose><truncated>0</truncated><difficult>0</difficult><bndbox><xmin>756</xmin><ymin>284</ymin><xmax>844</xmax><ymax>401</ymax></bndbox></object><object><name>face</name><pose>Unspecified</pose><truncated>0</truncated><difficult>0</difficult><bndbox><xmin>809</xmin><ymin>232</ymin><xmax>919</xmax><ymax>358</ymax></bndbox></object><object><name>face</name><pose>Unspecified</pose><truncated>0</truncated><difficult>0</difficult><bndbox><xmin>685</xmin><ymin>274</ymin><xmax>746</xmax><ymax>351</ymax></bndbox></object><object><name>face</name><pose>Unspecified</pose><truncated>0</truncated><difficult>0</difficult><bndbox><xmin>550</xmin><ymin>152</ymin><xmax>576</xmax><ymax>184</ymax></bndbox></object></annotation>