<annotation><folder>23--Shoppers</folder><filename>23_Shoppers_Shoppers_23_775.jpg</filename><path>23--Shoppers/23_Shoppers_Shoppers_23_775.jpg</path><source><database>Unknown</database></source><size><width>1024</width><height>1532</height><depth>3</depth></size><segmented>0</segmented><object><name>face</name><pose>Unspecified</pose><truncated>0</truncated><difficult>0</difficult><bndbox><xmin>584</xmin><ymin>249</ymin><xmax>689</xmax><ymax>387</ymax></bndbox></object><object><name>face</name><pose>Unspecified</pose><truncated>0</truncated><difficult>0</difficult><bndbox><xmin>365</xmin><ymin>153</ymin><xmax>485</xmax><ymax>291</ymax></bndbox></object></annotation>