<annotation><folder>23--Shoppers</folder><filename>23_Shoppers_Shoppers_23_922.jpg</filename><path>23--Shoppers/23_Shoppers_Shoppers_23_922.jpg</path><source><database>Unknown</database></source><size><width>1024</width><height>1215</height><depth>3</depth></size><segmented>0</segmented><object><name>face</name><pose>Unspecified</pose><truncated>0</truncated><difficult>0</difficult><bndbox><xmin>668</xmin><ymin>126</ymin><xmax>801</xmax><ymax>285</ymax></bndbox></object><object><name>face</name><pose>Unspecified</pose><truncated>0</truncated><difficult>0</difficult><bndbox><xmin>282</xmin><ymin>164</ymin><xmax>382</xmax><ymax>311</ymax></bndbox></object><object><name>face</name><pose>Unspecified</pose><truncated>0</truncated><difficult>0</difficult><bndbox><xmin>187</xmin><ymin>192</ymin><xmax>277</xmax><ymax>318</ymax></bndbox></object></annotation>