<annotation><folder>23--Shoppers</folder><filename>23_Shoppers_Shoppers_23_642.jpg</filename><path>23--Shoppers/23_Shoppers_Shoppers_23_642.jpg</path><source><database>Unknown</database></source><size><width>1024</width><height>1532</height><depth>3</depth></size><segmented>0</segmented><object><name>face</name><pose>Unspecified</pose><truncated>0</truncated><difficult>0</difficult><bndbox><xmin>234</xmin><ymin>290</ymin><xmax>336</xmax><ymax>410</ymax></bndbox></object><object><name>face</name><pose>Unspecified</pose><truncated>0</truncated><difficult>0</difficult><bndbox><xmin>767</xmin><ymin>135</ymin><xmax>857</xmax><ymax>285</ymax></bndbox></object></annotation>