<annotation><folder>23--Shoppers</folder><filename>23_Shoppers_Shoppers_23_411.jpg</filename><path>23--Shoppers/23_Shoppers_Shoppers_23_411.jpg</path><source><database>Unknown</database></source><size><width>1024</width><height>1361</height><depth>3</depth></size><segmented>0</segmented><object><name>face</name><pose>Unspecified</pose><truncated>0</truncated><difficult>0</difficult><bndbox><xmin>532</xmin><ymin>207</ymin><xmax>644</xmax><ymax>337</ymax></bndbox></object><object><name>face</name><pose>Unspecified</pose><truncated>0</truncated><difficult>0</difficult><bndbox><xmin>378</xmin><ymin>138</ymin><xmax>492</xmax><ymax>282</ymax></bndbox></object></annotation>