<annotation><folder>23--Shoppers</folder><filename>23_Shoppers_Shoppers_23_657.jpg</filename><path>23--Shoppers/23_Shoppers_Shoppers_23_657.jpg</path><source><database>Unknown</database></source><size><width>1024</width><height>714</height><depth>3</depth></size><segmented>0</segmented><object><name>face</name><pose>Unspecified</pose><truncated>0</truncated><difficult>0</difficult><bndbox><xmin>824</xmin><ymin>318</ymin><xmax>855</xmax><ymax>353</ymax></bndbox></object><object><name>face</name><pose>Unspecified</pose><truncated>0</truncated><difficult>0</difficult><bndbox><xmin>926</xmin><ymin>347</ymin><xmax>959</xmax><ymax>380</ymax></bndbox></object></annotation>