<annotation><folder>23--Shoppers</folder><filename>23_Shoppers_Shoppers_23_71.jpg</filename><path>23--Shoppers/23_Shoppers_Shoppers_23_71.jpg</path><source><database>Unknown</database></source><size><width>1024</width><height>683</height><depth>3</depth></size><segmented>0</segmented><object><name>face</name><pose>Unspecified</pose><truncated>0</truncated><difficult>0</difficult><bndbox><xmin>288</xmin><ymin>242</ymin><xmax>372</xmax><ymax>370</ymax></bndbox></object><object><name>face</name><pose>Unspecified</pose><truncated>0</truncated><difficult>0</difficult><bndbox><xmin>506</xmin><ymin>264</ymin><xmax>588</xmax><ymax>364</ymax></bndbox></object><object><name>face</name><pose>Unspecified</pose><truncated>0</truncated><difficult>0</difficult><bndbox><xmin>724</xmin><ymin>180</ymin><xmax>800</xmax><ymax>288</ymax></bndbox></object></annotation>