<annotation><folder>23--Shoppers</folder><filename>23_Shoppers_Shoppers_23_68.jpg</filename><path>23--Shoppers/23_Shoppers_Shoppers_23_68.jpg</path><source><database>Unknown</database></source><size><width>1024</width><height>748</height><depth>3</depth></size><segmented>0</segmented><object><name>face</name><pose>Unspecified</pose><truncated>0</truncated><difficult>0</difficult><bndbox><xmin>378</xmin><ymin>302</ymin><xmax>393</xmax><ymax>319</ymax></bndbox></object><object><name>face</name><pose>Unspecified</pose><truncated>0</truncated><difficult>0</difficult><bndbox><xmin>403</xmin><ymin>305</ymin><xmax>421</xmax><ymax>326</ymax></bndbox></object><object><name>face</name><pose>Unspecified</pose><truncated>0</truncated><difficult>0</difficult><bndbox><xmin>430</xmin><ymin>300</ymin><xmax>449</xmax><ymax>324</ymax></bndbox></object><object><name>face</name><pose>Unspecified</pose><truncated>0</truncated><difficult>0</difficult><bndbox><xmin>381</xmin><ymin>318</ymin><xmax>401</xmax><ymax>344</ymax></bndbox></object><object><name>face</name><pose>Unspecified</pose><truncated>0</truncated><difficult>0</difficult><bndbox><xmin>361</xmin><ymin>331</ymin><xmax>381</xmax><ymax>356</ymax></bndbox></object><object><name>face</name><pose>Unspecified</pose><truncated>0</truncated><difficult>0</difficult><bndbox><xmin>488</xmin><ymin>293</ymin><xmax>507</xmax><ymax>319</ymax></bndbox></object><object><name>face</name><pose>Unspecified</pose><truncated>0</truncated><difficult>0</difficult><bndbox><xmin>510</xmin><ymin>295</ymin><xmax>525</xmax><ymax>319</ymax></bndbox></object><object><name>face</name><pose>Unspecified</pose><truncated>0</truncated><difficult>0</difficult><bndbox><xmin>548</xmin><ymin>297</ymin><xmax>577</xmax><ymax>335</ymax></bndbox></object><object><name>face</name><pose>Unspecified</pose><truncated>0</truncated><difficult>0</difficult><bndbox><xmin>511</xmin><ymin>323</ymin><xmax>563</xmax><ymax>382</ymax></bndbox></object><object><name>face</name><pose>Unspecified</pose><truncated>0</truncated><difficult>0</difficult><bndbox><xmin>617</xmin><ymin>325</ymin><xmax>645</xmax><ymax>370</ymax></bndbox></object><object><name>face</name><pose>Unspecified</pose><truncated>0</truncated><difficult>0</difficult><bndbox><xmin>626</xmin><ymin>298</ymin><xmax>649</xmax><ymax>325</ymax></bndbox></object><object><name>face</name><pose>Unspecified</pose><truncated>0</truncated><difficult>0</difficult><bndbox><xmin>713</xmin><ymin>334</ymin><xmax>746</xmax><ymax>372</ymax></bndbox></object><object><name>face</name><pose>Unspecified</pose><truncated>0</truncated><difficult>0</difficult><bndbox><xmin>790</xmin><ymin>377</ymin><xmax>833</xmax><ymax>426</ymax></bndbox></object><object><name>face</name><pose>Unspecified</pose><truncated>0</truncated><difficult>0</difficult><bndbox><xmin>851</xmin><ymin>335</ymin><xmax>879</xmax><ymax>370</ymax></bndbox></object><object><name>face</name><pose>Unspecified</pose><truncated>0</truncated><difficult>0</difficult><bndbox><xmin>840</xmin><ymin>389</ymin><xmax>870</xmax><ymax>427</ymax></bndbox></object><object><name>face</name><pose>Unspecified</pose><truncated>0</truncated><difficult>0</difficult><bndbox><xmin>962</xmin><ymin>356</ymin><xmax>1010</xmax><ymax>424</ymax></bndbox></object><object><name>face</name><pose>Unspecified</pose><truncated>0</truncated><difficult>0</difficult><bndbox><xmin>993</xmin><ymin>318</ymin><xmax>1023</xmax><ymax>361</ymax></bndbox></object><object><name>face</name><pose>Unspecified</pose><truncated>0</truncated><difficult>0</difficult><bndbox><xmin>175</xmin><ymin>150</ymin><xmax>195</xmax><ymax>170</ymax></bndbox></object></annotation>