<annotation><folder>23--Shoppers</folder><filename>23_Shoppers_Shoppers_23_26.jpg</filename><path>23--Shoppers/23_Shoppers_Shoppers_23_26.jpg</path><source><database>Unknown</database></source><size><width>1024</width><height>767</height><depth>3</depth></size><segmented>0</segmented><object><name>face</name><pose>Unspecified</pose><truncated>0</truncated><difficult>0</difficult><bndbox><xmin>431</xmin><ymin>91</ymin><xmax>481</xmax><ymax>203</ymax></bndbox></object><object><name>face</name><pose>Unspecified</pose><truncated>0</truncated><difficult>0</difficult><bndbox><xmin>701</xmin><ymin>43</ymin><xmax>744</xmax><ymax>146</ymax></bndbox></object><object><name>face</name><pose>Unspecified</pose><truncated>0</truncated><difficult>0</difficult><bndbox><xmin>198</xmin><ymin>98</ymin><xmax>238</xmax><ymax>178</ymax></bndbox></object><object><name>face</name><pose>Unspecified</pose><truncated>0</truncated><difficult>0</difficult><bndbox><xmin>1006</xmin><ymin>19</ymin><xmax>1024</xmax><ymax>77</ymax></bndbox></object><object><name>face</name><pose>Unspecified</pose><truncated>0</truncated><difficult>0</difficult><bndbox><xmin>980</xmin><ymin>111</ymin><xmax>1016</xmax><ymax>164</ymax></bndbox></object></annotation>