<annotation><folder>24--Soldier_Firing</folder><filename>24_Soldier_Firing_Soldier_Firing_24_914.jpg</filename><path>24--Soldier_Firing/24_Soldier_Firing_Soldier_Firing_24_914.jpg</path><source><database>Unknown</database></source><size><width>1024</width><height>709</height><depth>3</depth></size><segmented>0</segmented><object><name>face</name><pose>Unspecified</pose><truncated>0</truncated><difficult>0</difficult><bndbox><xmin>443</xmin><ymin>311</ymin><xmax>474</xmax><ymax>351</ymax></bndbox></object></annotation>