<annotation><folder>24--Soldier_Firing</folder><filename>24_Soldier_Firing_Soldier_Firing_24_263.jpg</filename><path>24--Soldier_Firing/24_Soldier_Firing_Soldier_Firing_24_263.jpg</path><source><database>Unknown</database></source><size><width>1024</width><height>689</height><depth>3</depth></size><segmented>0</segmented><object><name>face</name><pose>Unspecified</pose><truncated>0</truncated><difficult>0</difficult><bndbox><xmin>159</xmin><ymin>238</ymin><xmax>189</xmax><ymax>274</ymax></bndbox></object><object><name>face</name><pose>Unspecified</pose><truncated>0</truncated><difficult>0</difficult><bndbox><xmin>337</xmin><ymin>259</ymin><xmax>365</xmax><ymax>295</ymax></bndbox></object><object><name>face</name><pose>Unspecified</pose><truncated>0</truncated><difficult>0</difficult><bndbox><xmin>474</xmin><ymin>257</ymin><xmax>506</xmax><ymax>294</ymax></bndbox></object><object><name>face</name><pose>Unspecified</pose><truncated>0</truncated><difficult>0</difficult><bndbox><xmin>594</xmin><ymin>245</ymin><xmax>626</xmax><ymax>282</ymax></bndbox></object><object><name>face</name><pose>Unspecified</pose><truncated>0</truncated><difficult>0</difficult><bndbox><xmin>716</xmin><ymin>261</ymin><xmax>748</xmax><ymax>298</ymax></bndbox></object><object><name>face</name><pose>Unspecified</pose><truncated>0</truncated><difficult>0</difficult><bndbox><xmin>842</xmin><ymin>262</ymin><xmax>866</xmax><ymax>301</ymax></bndbox></object></annotation>