<annotation><folder>24--Soldier_Firing</folder><filename>24_Soldier_Firing_Soldier_Firing_24_910.jpg</filename><path>24--Soldier_Firing/24_Soldier_Firing_Soldier_Firing_24_910.jpg</path><source><database>Unknown</database></source><size><width>1024</width><height>641</height><depth>3</depth></size><segmented>0</segmented><object><name>face</name><pose>Unspecified</pose><truncated>0</truncated><difficult>0</difficult><bndbox><xmin>666</xmin><ymin>162</ymin><xmax>864</xmax><ymax>424</ymax></bndbox></object></annotation>