<annotation><folder>25--Soldier_Patrol</folder><filename>25_Soldier_Patrol_Soldier_Patrol_25_506.jpg</filename><path>25--Soldier_Patrol/25_Soldier_Patrol_Soldier_Patrol_25_506.jpg</path><source><database>Unknown</database></source><size><width>1024</width><height>679</height><depth>3</depth></size><segmented>0</segmented><object><name>face</name><pose>Unspecified</pose><truncated>0</truncated><difficult>0</difficult><bndbox><xmin>352</xmin><ymin>198</ymin><xmax>408</xmax><ymax>274</ymax></bndbox></object><object><name>face</name><pose>Unspecified</pose><truncated>0</truncated><difficult>0</difficult><bndbox><xmin>768</xmin><ymin>114</ymin><xmax>876</xmax><ymax>236</ymax></bndbox></object><object><name>face</name><pose>Unspecified</pose><truncated>0</truncated><difficult>0</difficult><bndbox><xmin>420</xmin><ymin>134</ymin><xmax>512</xmax><ymax>244</ymax></bndbox></object></annotation>