<annotation><folder>25--Soldier_Patrol</folder><filename>25_Soldier_Patrol_Soldier_Patrol_25_634.jpg</filename><path>25--Soldier_Patrol/25_Soldier_Patrol_Soldier_Patrol_25_634.jpg</path><source><database>Unknown</database></source><size><width>1024</width><height>873</height><depth>3</depth></size><segmented>0</segmented><object><name>face</name><pose>Unspecified</pose><truncated>0</truncated><difficult>0</difficult><bndbox><xmin>126</xmin><ymin>142</ymin><xmax>268</xmax><ymax>376</ymax></bndbox></object><object><name>face</name><pose>Unspecified</pose><truncated>0</truncated><difficult>0</difficult><bndbox><xmin>456</xmin><ymin>230</ymin><xmax>588</xmax><ymax>404</ymax></bndbox></object><object><name>face</name><pose>Unspecified</pose><truncated>0</truncated><difficult>0</difficult><bndbox><xmin>712</xmin><ymin>182</ymin><xmax>854</xmax><ymax>374</ymax></bndbox></object></annotation>