<annotation><folder>25--Soldier_Patrol</folder><filename>25_Soldier_Patrol_Soldier_Patrol_25_226.jpg</filename><path>25--Soldier_Patrol/25_Soldier_Patrol_Soldier_Patrol_25_226.jpg</path><source><database>Unknown</database></source><size><width>1024</width><height>1365</height><depth>3</depth></size><segmented>0</segmented><object><name>face</name><pose>Unspecified</pose><truncated>0</truncated><difficult>0</difficult><bndbox><xmin>488</xmin><ymin>555</ymin><xmax>600</xmax><ymax>710</ymax></bndbox></object></annotation>