<annotation><folder>25--Soldier_Patrol</folder><filename>25_Soldier_Patrol_Soldier_Patrol_25_2.jpg</filename><path>25--Soldier_Patrol/25_Soldier_Patrol_Soldier_Patrol_25_2.jpg</path><source><database>Unknown</database></source><size><width>1024</width><height>752</height><depth>3</depth></size><segmented>0</segmented><object><name>face</name><pose>Unspecified</pose><truncated>0</truncated><difficult>0</difficult><bndbox><xmin>538</xmin><ymin>174</ymin><xmax>616</xmax><ymax>278</ymax></bndbox></object></annotation>