<annotation><folder>25--Soldier_Patrol</folder><filename>25_Soldier_Patrol_Soldier_Patrol_25_837.jpg</filename><path>25--Soldier_Patrol/25_Soldier_Patrol_Soldier_Patrol_25_837.jpg</path><source><database>Unknown</database></source><size><width>1024</width><height>768</height><depth>3</depth></size><segmented>0</segmented><object><name>face</name><pose>Unspecified</pose><truncated>0</truncated><difficult>0</difficult><bndbox><xmin>466</xmin><ymin>74</ymin><xmax>560</xmax><ymax>200</ymax></bndbox></object></annotation>