<annotation><folder>26--Soldier_Drilling</folder><filename>26_Soldier_Drilling_Soldiers_Drilling_26_446.jpg</filename><path>26--Soldier_Drilling/26_Soldier_Drilling_Soldiers_Drilling_26_446.jpg</path><source><database>Unknown</database></source><size><width>1024</width><height>1525</height><depth>3</depth></size><segmented>0</segmented><object><name>face</name><pose>Unspecified</pose><truncated>0</truncated><difficult>0</difficult><bndbox><xmin>28</xmin><ymin>642</ymin><xmax>85</xmax><ymax>709</ymax></bndbox></object><object><name>face</name><pose>Unspecified</pose><truncated>0</truncated><difficult>0</difficult><bndbox><xmin>241</xmin><ymin>666</ymin><xmax>306</xmax><ymax>740</ymax></bndbox></object><object><name>face</name><pose>Unspecified</pose><truncated>0</truncated><difficult>0</difficult><bndbox><xmin>445</xmin><ymin>646</ymin><xmax>497</xmax><ymax>710</ymax></bndbox></object><object><name>face</name><pose>Unspecified</pose><truncated>0</truncated><difficult>0</difficult><bndbox><xmin>404</xmin><ymin>665</ymin><xmax>442</xmax><ymax>715</ymax></bndbox></object><object><name>face</name><pose>Unspecified</pose><truncated>0</truncated><difficult>0</difficult><bndbox><xmin>579</xmin><ymin>603</ymin><xmax>619</xmax><ymax>643</ymax></bndbox></object><object><name>face</name><pose>Unspecified</pose><truncated>0</truncated><difficult>0</difficult><bndbox><xmin>624</xmin><ymin>626</ymin><xmax>672</xmax><ymax>669</ymax></bndbox></object><object><name>face</name><pose>Unspecified</pose><truncated>0</truncated><difficult>0</difficult><bndbox><xmin>679</xmin><ymin>606</ymin><xmax>712</xmax><ymax>644</ymax></bndbox></object><object><name>face</name><pose>Unspecified</pose><truncated>0</truncated><difficult>0</difficult><bndbox><xmin>770</xmin><ymin>632</ymin><xmax>813</xmax><ymax>679</ymax></bndbox></object><object><name>face</name><pose>Unspecified</pose><truncated>0</truncated><difficult>0</difficult><bndbox><xmin>835</xmin><ymin>636</ymin><xmax>886</xmax><ymax>684</ymax></bndbox></object><object><name>face</name><pose>Unspecified</pose><truncated>0</truncated><difficult>0</difficult><bndbox><xmin>898</xmin><ymin>626</ymin><xmax>926</xmax><ymax>661</ymax></bndbox></object><object><name>face</name><pose>Unspecified</pose><truncated>0</truncated><difficult>0</difficult><bndbox><xmin>962</xmin><ymin>636</ymin><xmax>989</xmax><ymax>667</ymax></bndbox></object><object><name>face</name><pose>Unspecified</pose><truncated>0</truncated><difficult>0</difficult><bndbox><xmin>994</xmin><ymin>647</ymin><xmax>1022</xmax><ymax>676</ymax></bndbox></object></annotation>