<annotation><folder>26--Soldier_Drilling</folder><filename>26_Soldier_Drilling_Soldiers_Drilling_26_587.jpg</filename><path>26--Soldier_Drilling/26_Soldier_Drilling_Soldiers_Drilling_26_587.jpg</path><source><database>Unknown</database></source><size><width>1024</width><height>642</height><depth>3</depth></size><segmented>0</segmented><object><name>face</name><pose>Unspecified</pose><truncated>0</truncated><difficult>0</difficult><bndbox><xmin>55</xmin><ymin>357</ymin><xmax>62</xmax><ymax>368</ymax></bndbox></object><object><name>face</name><pose>Unspecified</pose><truncated>0</truncated><difficult>0</difficult><bndbox><xmin>67</xmin><ymin>369</ymin><xmax>91</xmax><ymax>398</ymax></bndbox></object><object><name>face</name><pose>Unspecified</pose><truncated>0</truncated><difficult>0</difficult><bndbox><xmin>24</xmin><ymin>357</ymin><xmax>33</xmax><ymax>368</ymax></bndbox></object><object><name>face</name><pose>Unspecified</pose><truncated>0</truncated><difficult>0</difficult><bndbox><xmin>148</xmin><ymin>383</ymin><xmax>169</xmax><ymax>411</ymax></bndbox></object><object><name>face</name><pose>Unspecified</pose><truncated>0</truncated><difficult>0</difficult><bndbox><xmin>231</xmin><ymin>422</ymin><xmax>248</xmax><ymax>448</ymax></bndbox></object><object><name>face</name><pose>Unspecified</pose><truncated>0</truncated><difficult>0</difficult><bndbox><xmin>251</xmin><ymin>417</ymin><xmax>266</xmax><ymax>435</ymax></bndbox></object><object><name>face</name><pose>Unspecified</pose><truncated>0</truncated><difficult>0</difficult><bndbox><xmin>261</xmin><ymin>385</ymin><xmax>279</xmax><ymax>406</ymax></bndbox></object><object><name>face</name><pose>Unspecified</pose><truncated>0</truncated><difficult>0</difficult><bndbox><xmin>315</xmin><ymin>380</ymin><xmax>333</xmax><ymax>402</ymax></bndbox></object><object><name>face</name><pose>Unspecified</pose><truncated>0</truncated><difficult>0</difficult><bndbox><xmin>302</xmin><ymin>423</ymin><xmax>320</xmax><ymax>444</ymax></bndbox></object><object><name>face</name><pose>Unspecified</pose><truncated>0</truncated><difficult>0</difficult><bndbox><xmin>339</xmin><ymin>421</ymin><xmax>353</xmax><ymax>440</ymax></bndbox></object><object><name>face</name><pose>Unspecified</pose><truncated>0</truncated><difficult>0</difficult><bndbox><xmin>375</xmin><ymin>378</ymin><xmax>390</xmax><ymax>399</ymax></bndbox></object><object><name>face</name><pose>Unspecified</pose><truncated>0</truncated><difficult>0</difficult><bndbox><xmin>405</xmin><ymin>378</ymin><xmax>421</xmax><ymax>399</ymax></bndbox></object><object><name>face</name><pose>Unspecified</pose><truncated>0</truncated><difficult>0</difficult><bndbox><xmin>386</xmin><ymin>424</ymin><xmax>404</xmax><ymax>450</ymax></bndbox></object><object><name>face</name><pose>Unspecified</pose><truncated>0</truncated><difficult>0</difficult><bndbox><xmin>420</xmin><ymin>412</ymin><xmax>436</xmax><ymax>432</ymax></bndbox></object><object><name>face</name><pose>Unspecified</pose><truncated>0</truncated><difficult>0</difficult><bndbox><xmin>332</xmin><ymin>493</ymin><xmax>352</xmax><ymax>521</ymax></bndbox></object><object><name>face</name><pose>Unspecified</pose><truncated>0</truncated><difficult>0</difficult><bndbox><xmin>465</xmin><ymin>388</ymin><xmax>481</xmax><ymax>406</ymax></bndbox></object><object><name>face</name><pose>Unspecified</pose><truncated>0</truncated><difficult>0</difficult><bndbox><xmin>504</xmin><ymin>391</ymin><xmax>519</xmax><ymax>410</ymax></bndbox></object><object><name>face</name><pose>Unspecified</pose><truncated>0</truncated><difficult>0</difficult><bndbox><xmin>536</xmin><ymin>387</ymin><xmax>552</xmax><ymax>408</ymax></bndbox></object><object><name>face</name><pose>Unspecified</pose><truncated>0</truncated><difficult>0</difficult><bndbox><xmin>562</xmin><ymin>402</ymin><xmax>579</xmax><ymax>421</ymax></bndbox></object><object><name>face</name><pose>Unspecified</pose><truncated>0</truncated><difficult>0</difficult><bndbox><xmin>473</xmin><ymin>436</ymin><xmax>489</xmax><ymax>457</ymax></bndbox></object><object><name>face</name><pose>Unspecified</pose><truncated>0</truncated><difficult>0</difficult><bndbox><xmin>473</xmin><ymin>492</ymin><xmax>494</xmax><ymax>520</ymax></bndbox></object><object><name>face</name><pose>Unspecified</pose><truncated>0</truncated><difficult>0</difficult><bndbox><xmin>557</xmin><ymin>429</ymin><xmax>575</xmax><ymax>454</ymax></bndbox></object><object><name>face</name><pose>Unspecified</pose><truncated>0</truncated><difficult>0</difficult><bndbox><xmin>617</xmin><ymin>397</ymin><xmax>632</xmax><ymax>411</ymax></bndbox></object><object><name>face</name><pose>Unspecified</pose><truncated>0</truncated><difficult>0</difficult><bndbox><xmin>636</xmin><ymin>442</ymin><xmax>655</xmax><ymax>463</ymax></bndbox></object><object><name>face</name><pose>Unspecified</pose><truncated>0</truncated><difficult>0</difficult><bndbox><xmin>651</xmin><ymin>386</ymin><xmax>673</xmax><ymax>406</ymax></bndbox></object><object><name>face</name><pose>Unspecified</pose><truncated>0</truncated><difficult>0</difficult><bndbox><xmin>729</xmin><ymin>398</ymin><xmax>750</xmax><ymax>421</ymax></bndbox></object><object><name>face</name><pose>Unspecified</pose><truncated>0</truncated><difficult>0</difficult><bndbox><xmin>793</xmin><ymin>416</ymin><xmax>812</xmax><ymax>436</ymax></bndbox></object><object><name>face</name><pose>Unspecified</pose><truncated>0</truncated><difficult>0</difficult><bndbox><xmin>853</xmin><ymin>409</ymin><xmax>872</xmax><ymax>433</ymax></bndbox></object><object><name>face</name><pose>Unspecified</pose><truncated>0</truncated><difficult>0</difficult><bndbox><xmin>233</xmin><ymin>374</ymin><xmax>240</xmax><ymax>381</ymax></bndbox></object><object><name>face</name><pose>Unspecified</pose><truncated>0</truncated><difficult>0</difficult><bndbox><xmin>245</xmin><ymin>371</ymin><xmax>252</xmax><ymax>379</ymax></bndbox></object></annotation>