<annotation><folder>26--Soldier_Drilling</folder><filename>26_Soldier_Drilling_Soldiers_Drilling_26_903.jpg</filename><path>26--Soldier_Drilling/26_Soldier_Drilling_Soldiers_Drilling_26_903.jpg</path><source><database>Unknown</database></source><size><width>1024</width><height>768</height><depth>3</depth></size><segmented>0</segmented><object><name>face</name><pose>Unspecified</pose><truncated>0</truncated><difficult>0</difficult><bndbox><xmin>312</xmin><ymin>231</ymin><xmax>347</xmax><ymax>279</ymax></bndbox></object></annotation>