<annotation><folder>26--Soldier_Drilling</folder><filename>26_Soldier_Drilling_Soldiers_Drilling_26_887.jpg</filename><path>26--Soldier_Drilling/26_Soldier_Drilling_Soldiers_Drilling_26_887.jpg</path><source><database>Unknown</database></source><size><width>1024</width><height>1382</height><depth>3</depth></size><segmented>0</segmented><object><name>face</name><pose>Unspecified</pose><truncated>0</truncated><difficult>0</difficult><bndbox><xmin>593</xmin><ymin>224</ymin><xmax>682</xmax><ymax>359</ymax></bndbox></object></annotation>