<annotation><folder>28--Sports_Fan</folder><filename>28_Sports_Fan_Sports_Fan_28_681.jpg</filename><path>28--Sports_Fan/28_Sports_Fan_Sports_Fan_28_681.jpg</path><source><database>Unknown</database></source><size><width>1024</width><height>1403</height><depth>3</depth></size><segmented>0</segmented><object><name>face</name><pose>Unspecified</pose><truncated>0</truncated><difficult>0</difficult><bndbox><xmin>334</xmin><ymin>123</ymin><xmax>419</xmax><ymax>276</ymax></bndbox></object><object><name>face</name><pose>Unspecified</pose><truncated>0</truncated><difficult>0</difficult><bndbox><xmin>47</xmin><ymin>153</ymin><xmax>148</xmax><ymax>282</ymax></bndbox></object></annotation>