<annotation><folder>28--Sports_Fan</folder><filename>28_Sports_Fan_Sports_Fan_28_390.jpg</filename><path>28--Sports_Fan/28_Sports_Fan_Sports_Fan_28_390.jpg</path><source><database>Unknown</database></source><size><width>1024</width><height>1197</height><depth>3</depth></size><segmented>0</segmented><object><name>face</name><pose>Unspecified</pose><truncated>0</truncated><difficult>0</difficult><bndbox><xmin>414</xmin><ymin>157</ymin><xmax>547</xmax><ymax>281</ymax></bndbox></object></annotation>