<annotation><folder>29--Students_Schoolkids</folder><filename>29_Students_Schoolkids_Students_Schoolkids_29_716.jpg</filename><path>29--Students_Schoolkids/29_Students_Schoolkids_Students_Schoolkids_29_716.jpg</path><source><database>Unknown</database></source><size><width>1024</width><height>768</height><depth>3</depth></size><segmented>0</segmented><object><name>face</name><pose>Unspecified</pose><truncated>0</truncated><difficult>0</difficult><bndbox><xmin>565</xmin><ymin>326</ymin><xmax>586</xmax><ymax>354</ymax></bndbox></object><object><name>face</name><pose>Unspecified</pose><truncated>0</truncated><difficult>0</difficult><bndbox><xmin>813</xmin><ymin>309</ymin><xmax>843</xmax><ymax>360</ymax></bndbox></object><object><name>face</name><pose>Unspecified</pose><truncated>0</truncated><difficult>0</difficult><bndbox><xmin>414</xmin><ymin>327</ymin><xmax>436</xmax><ymax>367</ymax></bndbox></object><object><name>face</name><pose>Unspecified</pose><truncated>0</truncated><difficult>0</difficult><bndbox><xmin>343</xmin><ymin>331</ymin><xmax>372</xmax><ymax>374</ymax></bndbox></object><object><name>face</name><pose>Unspecified</pose><truncated>0</truncated><difficult>0</difficult><bndbox><xmin>437</xmin><ymin>315</ymin><xmax>456</xmax><ymax>352</ymax></bndbox></object><object><name>face</name><pose>Unspecified</pose><truncated>0</truncated><difficult>0</difficult><bndbox><xmin>125</xmin><ymin>329</ymin><xmax>150</xmax><ymax>360</ymax></bndbox></object><object><name>face</name><pose>Unspecified</pose><truncated>0</truncated><difficult>0</difficult><bndbox><xmin>204</xmin><ymin>331</ymin><xmax>225</xmax><ymax>362</ymax></bndbox></object><object><name>face</name><pose>Unspecified</pose><truncated>0</truncated><difficult>0</difficult><bndbox><xmin>239</xmin><ymin>328</ymin><xmax>258</xmax><ymax>359</ymax></bndbox></object><object><name>face</name><pose>Unspecified</pose><truncated>0</truncated><difficult>0</difficult><bndbox><xmin>16</xmin><ymin>332</ymin><xmax>50</xmax><ymax>393</ymax></bndbox></object><object><name>face</name><pose>Unspecified</pose><truncated>0</truncated><difficult>0</difficult><bndbox><xmin>392</xmin><ymin>324</ymin><xmax>414</xmax><ymax>347</ymax></bndbox></object></annotation>