<annotation><folder>29--Students_Schoolkids</folder><filename>29_Students_Schoolkids_Students_Schoolkids_29_186.jpg</filename><path>29--Students_Schoolkids/29_Students_Schoolkids_Students_Schoolkids_29_186.jpg</path><source><database>Unknown</database></source><size><width>1024</width><height>733</height><depth>3</depth></size><segmented>0</segmented><object><name>face</name><pose>Unspecified</pose><truncated>0</truncated><difficult>0</difficult><bndbox><xmin>435</xmin><ymin>309</ymin><xmax>468</xmax><ymax>365</ymax></bndbox></object><object><name>face</name><pose>Unspecified</pose><truncated>0</truncated><difficult>0</difficult><bndbox><xmin>594</xmin><ymin>297</ymin><xmax>621</xmax><ymax>342</ymax></bndbox></object><object><name>face</name><pose>Unspecified</pose><truncated>0</truncated><difficult>0</difficult><bndbox><xmin>823</xmin><ymin>302</ymin><xmax>864</xmax><ymax>363</ymax></bndbox></object><object><name>face</name><pose>Unspecified</pose><truncated>0</truncated><difficult>0</difficult><bndbox><xmin>897</xmin><ymin>312</ymin><xmax>951</xmax><ymax>397</ymax></bndbox></object><object><name>face</name><pose>Unspecified</pose><truncated>0</truncated><difficult>0</difficult><bndbox><xmin>913</xmin><ymin>247</ymin><xmax>936</xmax><ymax>279</ymax></bndbox></object><object><name>face</name><pose>Unspecified</pose><truncated>0</truncated><difficult>0</difficult><bndbox><xmin>694</xmin><ymin>210</ymin><xmax>715</xmax><ymax>234</ymax></bndbox></object><object><name>face</name><pose>Unspecified</pose><truncated>0</truncated><difficult>0</difficult><bndbox><xmin>834</xmin><ymin>207</ymin><xmax>846</xmax><ymax>226</ymax></bndbox></object><object><name>face</name><pose>Unspecified</pose><truncated>0</truncated><difficult>0</difficult><bndbox><xmin>987</xmin><ymin>238</ymin><xmax>1014</xmax><ymax>265</ymax></bndbox></object></annotation>