<annotation><folder>29--Students_Schoolkids</folder><filename>29_Students_Schoolkids_Students_Schoolkids_29_578.jpg</filename><path>29--Students_Schoolkids/29_Students_Schoolkids_Students_Schoolkids_29_578.jpg</path><source><database>Unknown</database></source><size><width>1024</width><height>682</height><depth>3</depth></size><segmented>0</segmented><object><name>face</name><pose>Unspecified</pose><truncated>0</truncated><difficult>0</difficult><bndbox><xmin>800</xmin><ymin>346</ymin><xmax>841</xmax><ymax>388</ymax></bndbox></object><object><name>face</name><pose>Unspecified</pose><truncated>0</truncated><difficult>0</difficult><bndbox><xmin>700</xmin><ymin>311</ymin><xmax>731</xmax><ymax>349</ymax></bndbox></object><object><name>face</name><pose>Unspecified</pose><truncated>0</truncated><difficult>0</difficult><bndbox><xmin>612</xmin><ymin>318</ymin><xmax>638</xmax><ymax>348</ymax></bndbox></object><object><name>face</name><pose>Unspecified</pose><truncated>0</truncated><difficult>0</difficult><bndbox><xmin>531</xmin><ymin>311</ymin><xmax>561</xmax><ymax>345</ymax></bndbox></object><object><name>face</name><pose>Unspecified</pose><truncated>0</truncated><difficult>0</difficult><bndbox><xmin>410</xmin><ymin>308</ymin><xmax>439</xmax><ymax>341</ymax></bndbox></object><object><name>face</name><pose>Unspecified</pose><truncated>0</truncated><difficult>0</difficult><bndbox><xmin>348</xmin><ymin>325</ymin><xmax>380</xmax><ymax>357</ymax></bndbox></object><object><name>face</name><pose>Unspecified</pose><truncated>0</truncated><difficult>0</difficult><bndbox><xmin>229</xmin><ymin>319</ymin><xmax>264</xmax><ymax>358</ymax></bndbox></object><object><name>face</name><pose>Unspecified</pose><truncated>0</truncated><difficult>0</difficult><bndbox><xmin>158</xmin><ymin>337</ymin><xmax>208</xmax><ymax>385</ymax></bndbox></object></annotation>