<annotation><folder>29--Students_Schoolkids</folder><filename>29_Students_Schoolkids_Students_Schoolkids_29_876.jpg</filename><path>29--Students_Schoolkids/29_Students_Schoolkids_Students_Schoolkids_29_876.jpg</path><source><database>Unknown</database></source><size><width>1024</width><height>718</height><depth>3</depth></size><segmented>0</segmented><object><name>face</name><pose>Unspecified</pose><truncated>0</truncated><difficult>0</difficult><bndbox><xmin>272</xmin><ymin>106</ymin><xmax>408</xmax><ymax>272</ymax></bndbox></object><object><name>face</name><pose>Unspecified</pose><truncated>0</truncated><difficult>0</difficult><bndbox><xmin>828</xmin><ymin>274</ymin><xmax>944</xmax><ymax>398</ymax></bndbox></object></annotation>