<annotation><folder>29--Students_Schoolkids</folder><filename>29_Students_Schoolkids_Students_Schoolkids_29_298.jpg</filename><path>29--Students_Schoolkids/29_Students_Schoolkids_Students_Schoolkids_29_298.jpg</path><source><database>Unknown</database></source><size><width>1024</width><height>558</height><depth>3</depth></size><segmented>0</segmented><object><name>face</name><pose>Unspecified</pose><truncated>0</truncated><difficult>0</difficult><bndbox><xmin>797</xmin><ymin>109</ymin><xmax>836</xmax><ymax>156</ymax></bndbox></object><object><name>face</name><pose>Unspecified</pose><truncated>0</truncated><difficult>0</difficult><bndbox><xmin>688</xmin><ymin>137</ymin><xmax>724</xmax><ymax>182</ymax></bndbox></object><object><name>face</name><pose>Unspecified</pose><truncated>0</truncated><difficult>0</difficult><bndbox><xmin>587</xmin><ymin>130</ymin><xmax>624</xmax><ymax>175</ymax></bndbox></object><object><name>face</name><pose>Unspecified</pose><truncated>0</truncated><difficult>0</difficult><bndbox><xmin>336</xmin><ymin>143</ymin><xmax>375</xmax><ymax>186</ymax></bndbox></object><object><name>face</name><pose>Unspecified</pose><truncated>0</truncated><difficult>0</difficult><bndbox><xmin>206</xmin><ymin>141</ymin><xmax>250</xmax><ymax>185</ymax></bndbox></object><object><name>face</name><pose>Unspecified</pose><truncated>0</truncated><difficult>0</difficult><bndbox><xmin>57</xmin><ymin>137</ymin><xmax>107</xmax><ymax>189</ymax></bndbox></object><object><name>face</name><pose>Unspecified</pose><truncated>0</truncated><difficult>0</difficult><bndbox><xmin>914</xmin><ymin>127</ymin><xmax>952</xmax><ymax>169</ymax></bndbox></object></annotation>