<annotation><folder>2--Demonstration</folder><filename>2_Demonstration_Protesters_2_535.jpg</filename><path>2--Demonstration/2_Demonstration_Protesters_2_535.jpg</path><source><database>Unknown</database></source><size><width>1024</width><height>1199</height><depth>3</depth></size><segmented>0</segmented><object><name>face</name><pose>Unspecified</pose><truncated>0</truncated><difficult>0</difficult><bndbox><xmin>664</xmin><ymin>97</ymin><xmax>821</xmax><ymax>277</ymax></bndbox></object><object><name>face</name><pose>Unspecified</pose><truncated>0</truncated><difficult>0</difficult><bndbox><xmin>806</xmin><ymin>196</ymin><xmax>868</xmax><ymax>281</ymax></bndbox></object><object><name>face</name><pose>Unspecified</pose><truncated>0</truncated><difficult>0</difficult><bndbox><xmin>157</xmin><ymin>151</ymin><xmax>268</xmax><ymax>284</ymax></bndbox></object><object><name>face</name><pose>Unspecified</pose><truncated>0</truncated><difficult>0</difficult><bndbox><xmin>80</xmin><ymin>17</ymin><xmax>123</xmax><ymax>75</ymax></bndbox></object></annotation>