<annotation><folder>2--Demonstration</folder><filename>2_Demonstration_Protesters_2_479.jpg</filename><path>2--Demonstration/2_Demonstration_Protesters_2_479.jpg</path><source><database>Unknown</database></source><size><width>1024</width><height>1217</height><depth>3</depth></size><segmented>0</segmented><object><name>face</name><pose>Unspecified</pose><truncated>0</truncated><difficult>0</difficult><bndbox><xmin>653</xmin><ymin>440</ymin><xmax>715</xmax><ymax>504</ymax></bndbox></object></annotation>