<annotation><folder>2--Demonstration</folder><filename>2_Demonstration_Protesters_2_1023.jpg</filename><path>2--Demonstration/2_Demonstration_Protesters_2_1023.jpg</path><source><database>Unknown</database></source><size><width>1024</width><height>1523</height><depth>3</depth></size><segmented>0</segmented><object><name>face</name><pose>Unspecified</pose><truncated>0</truncated><difficult>0</difficult><bndbox><xmin>456</xmin><ymin>573</ymin><xmax>495</xmax><ymax>630</ymax></bndbox></object><object><name>face</name><pose>Unspecified</pose><truncated>0</truncated><difficult>0</difficult><bndbox><xmin>289</xmin><ymin>684</ymin><xmax>315</xmax><ymax>715</ymax></bndbox></object><object><name>face</name><pose>Unspecified</pose><truncated>0</truncated><difficult>0</difficult><bndbox><xmin>226</xmin><ymin>656</ymin><xmax>246</xmax><ymax>686</ymax></bndbox></object><object><name>face</name><pose>Unspecified</pose><truncated>0</truncated><difficult>0</difficult><bndbox><xmin>483</xmin><ymin>706</ymin><xmax>503</xmax><ymax>739</ymax></bndbox></object></annotation>