<annotation><folder>2--Demonstration</folder><filename>2_Demonstration_Demonstration_Or_Protest_2_710.jpg</filename><path>2--Demonstration/2_Demonstration_Demonstration_Or_Protest_2_710.jpg</path><source><database>Unknown</database></source><size><width>1024</width><height>1117</height><depth>3</depth></size><segmented>0</segmented><object><name>face</name><pose>Unspecified</pose><truncated>0</truncated><difficult>0</difficult><bndbox><xmin>375</xmin><ymin>281</ymin><xmax>432</xmax><ymax>357</ymax></bndbox></object></annotation>