<annotation><folder>2--Demonstration</folder><filename>2_Demonstration_Demonstrators_2_301.jpg</filename><path>2--Demonstration/2_Demonstration_Demonstrators_2_301.jpg</path><source><database>Unknown</database></source><size><width>1024</width><height>1095</height><depth>3</depth></size><segmented>0</segmented><object><name>face</name><pose>Unspecified</pose><truncated>0</truncated><difficult>0</difficult><bndbox><xmin>308</xmin><ymin>165</ymin><xmax>678</xmax><ymax>729</ymax></bndbox></object><object><name>face</name><pose>Unspecified</pose><truncated>0</truncated><difficult>0</difficult><bndbox><xmin>930</xmin><ymin>584</ymin><xmax>1011</xmax><ymax>699</ymax></bndbox></object></annotation>