<annotation><folder>2--Demonstration</folder><filename>2_Demonstration_Political_Rally_2_380.jpg</filename><path>2--Demonstration/2_Demonstration_Political_Rally_2_380.jpg</path><source><database>Unknown</database></source><size><width>1024</width><height>1538</height><depth>3</depth></size><segmented>0</segmented><object><name>face</name><pose>Unspecified</pose><truncated>0</truncated><difficult>0</difficult><bndbox><xmin>168</xmin><ymin>832</ymin><xmax>339</xmax><ymax>1012</ymax></bndbox></object><object><name>face</name><pose>Unspecified</pose><truncated>0</truncated><difficult>0</difficult><bndbox><xmin>429</xmin><ymin>667</ymin><xmax>633</xmax><ymax>946</ymax></bndbox></object><object><name>face</name><pose>Unspecified</pose><truncated>0</truncated><difficult>0</difficult><bndbox><xmin>766</xmin><ymin>796</ymin><xmax>988</xmax><ymax>1102</ymax></bndbox></object></annotation>