<annotation><folder>2--Demonstration</folder><filename>2_Demonstration_Political_Rally_2_193.jpg</filename><path>2--Demonstration/2_Demonstration_Political_Rally_2_193.jpg</path><source><database>Unknown</database></source><size><width>1024</width><height>512</height><depth>3</depth></size><segmented>0</segmented><object><name>face</name><pose>Unspecified</pose><truncated>0</truncated><difficult>0</difficult><bndbox><xmin>917</xmin><ymin>261</ymin><xmax>952</xmax><ymax>298</ymax></bndbox></object><object><name>face</name><pose>Unspecified</pose><truncated>0</truncated><difficult>0</difficult><bndbox><xmin>968</xmin><ymin>269</ymin><xmax>981</xmax><ymax>286</ymax></bndbox></object><object><name>face</name><pose>Unspecified</pose><truncated>0</truncated><difficult>0</difficult><bndbox><xmin>859</xmin><ymin>234</ymin><xmax>887</xmax><ymax>268</ymax></bndbox></object><object><name>face</name><pose>Unspecified</pose><truncated>0</truncated><difficult>0</difficult><bndbox><xmin>824</xmin><ymin>263</ymin><xmax>858</xmax><ymax>296</ymax></bndbox></object><object><name>face</name><pose>Unspecified</pose><truncated>0</truncated><difficult>0</difficult><bndbox><xmin>752</xmin><ymin>196</ymin><xmax>788</xmax><ymax>231</ymax></bndbox></object><object><name>face</name><pose>Unspecified</pose><truncated>0</truncated><difficult>0</difficult><bndbox><xmin>945</xmin><ymin>200</ymin><xmax>970</xmax><ymax>228</ymax></bndbox></object><object><name>face</name><pose>Unspecified</pose><truncated>0</truncated><difficult>0</difficult><bndbox><xmin>958</xmin><ymin>175</ymin><xmax>975</xmax><ymax>197</ymax></bndbox></object><object><name>face</name><pose>Unspecified</pose><truncated>0</truncated><difficult>0</difficult><bndbox><xmin>866</xmin><ymin>209</ymin><xmax>889</xmax><ymax>237</ymax></bndbox></object><object><name>face</name><pose>Unspecified</pose><truncated>0</truncated><difficult>0</difficult><bndbox><xmin>738</xmin><ymin>174</ymin><xmax>752</xmax><ymax>192</ymax></bndbox></object><object><name>face</name><pose>Unspecified</pose><truncated>0</truncated><difficult>0</difficult><bndbox><xmin>707</xmin><ymin>211</ymin><xmax>732</xmax><ymax>237</ymax></bndbox></object><object><name>face</name><pose>Unspecified</pose><truncated>0</truncated><difficult>0</difficult><bndbox><xmin>693</xmin><ymin>181</ymin><xmax>711</xmax><ymax>201</ymax></bndbox></object><object><name>face</name><pose>Unspecified</pose><truncated>0</truncated><difficult>0</difficult><bndbox><xmin>717</xmin><ymin>184</ymin><xmax>738</xmax><ymax>214</ymax></bndbox></object><object><name>face</name><pose>Unspecified</pose><truncated>0</truncated><difficult>0</difficult><bndbox><xmin>634</xmin><ymin>199</ymin><xmax>666</xmax><ymax>232</ymax></bndbox></object><object><name>face</name><pose>Unspecified</pose><truncated>0</truncated><difficult>0</difficult><bndbox><xmin>720</xmin><ymin>304</ymin><xmax>755</xmax><ymax>343</ymax></bndbox></object><object><name>face</name><pose>Unspecified</pose><truncated>0</truncated><difficult>0</difficult><bndbox><xmin>692</xmin><ymin>381</ymin><xmax>724</xmax><ymax>417</ymax></bndbox></object><object><name>face</name><pose>Unspecified</pose><truncated>0</truncated><difficult>0</difficult><bndbox><xmin>575</xmin><ymin>286</ymin><xmax>623</xmax><ymax>345</ymax></bndbox></object><object><name>face</name><pose>Unspecified</pose><truncated>0</truncated><difficult>0</difficult><bndbox><xmin>588</xmin><ymin>210</ymin><xmax>627</xmax><ymax>255</ymax></bndbox></object><object><name>face</name><pose>Unspecified</pose><truncated>0</truncated><difficult>0</difficult><bndbox><xmin>681</xmin><ymin>206</ymin><xmax>703</xmax><ymax>237</ymax></bndbox></object><object><name>face</name><pose>Unspecified</pose><truncated>0</truncated><difficult>0</difficult><bndbox><xmin>610</xmin><ymin>412</ymin><xmax>650</xmax><ymax>470</ymax></bndbox></object><object><name>face</name><pose>Unspecified</pose><truncated>0</truncated><difficult>0</difficult><bndbox><xmin>477</xmin><ymin>400</ymin><xmax>557</xmax><ymax>495</ymax></bndbox></object><object><name>face</name><pose>Unspecified</pose><truncated>0</truncated><difficult>0</difficult><bndbox><xmin>424</xmin><ymin>290</ymin><xmax>490</xmax><ymax>363</ymax></bndbox></object><object><name>face</name><pose>Unspecified</pose><truncated>0</truncated><difficult>0</difficult><bndbox><xmin>499</xmin><ymin>240</ymin><xmax>543</xmax><ymax>291</ymax></bndbox></object><object><name>face</name><pose>Unspecified</pose><truncated>0</truncated><difficult>0</difficult><bndbox><xmin>533</xmin><ymin>215</ymin><xmax>563</xmax><ymax>251</ymax></bndbox></object><object><name>face</name><pose>Unspecified</pose><truncated>0</truncated><difficult>0</difficult><bndbox><xmin>497</xmin><ymin>202</ymin><xmax>523</xmax><ymax>234</ymax></bndbox></object><object><name>face</name><pose>Unspecified</pose><truncated>0</truncated><difficult>0</difficult><bndbox><xmin>259</xmin><ymin>328</ymin><xmax>342</xmax><ymax>439</ymax></bndbox></object><object><name>face</name><pose>Unspecified</pose><truncated>0</truncated><difficult>0</difficult><bndbox><xmin>157</xmin><ymin>272</ymin><xmax>204</xmax><ymax>338</ymax></bndbox></object><object><name>face</name><pose>Unspecified</pose><truncated>0</truncated><difficult>0</difficult><bndbox><xmin>193</xmin><ymin>243</ymin><xmax>237</xmax><ymax>297</ymax></bndbox></object><object><name>face</name><pose>Unspecified</pose><truncated>0</truncated><difficult>0</difficult><bndbox><xmin>252</xmin><ymin>221</ymin><xmax>286</xmax><ymax>261</ymax></bndbox></object><object><name>face</name><pose>Unspecified</pose><truncated>0</truncated><difficult>0</difficult><bndbox><xmin>297</xmin><ymin>204</ymin><xmax>317</xmax><ymax>232</ymax></bndbox></object><object><name>face</name><pose>Unspecified</pose><truncated>0</truncated><difficult>0</difficult><bndbox><xmin>421</xmin><ymin>232</ymin><xmax>452</xmax><ymax>278</ymax></bndbox></object><object><name>face</name><pose>Unspecified</pose><truncated>0</truncated><difficult>0</difficult><bndbox><xmin>442</xmin><ymin>233</ymin><xmax>469</xmax><ymax>268</ymax></bndbox></object><object><name>face</name><pose>Unspecified</pose><truncated>0</truncated><difficult>0</difficult><bndbox><xmin>40</xmin><ymin>160</ymin><xmax>54</xmax><ymax>181</ymax></bndbox></object><object><name>face</name><pose>Unspecified</pose><truncated>0</truncated><difficult>0</difficult><bndbox><xmin>59</xmin><ymin>157</ymin><xmax>75</xmax><ymax>180</ymax></bndbox></object><object><name>face</name><pose>Unspecified</pose><truncated>0</truncated><difficult>0</difficult><bndbox><xmin>24</xmin><ymin>150</ymin><xmax>38</xmax><ymax>170</ymax></bndbox></object><object><name>face</name><pose>Unspecified</pose><truncated>0</truncated><difficult>0</difficult><bndbox><xmin>0</xmin><ymin>194</ymin><xmax>43</xmax><ymax>268</ymax></bndbox></object><object><name>face</name><pose>Unspecified</pose><truncated>0</truncated><difficult>0</difficult><bndbox><xmin>254</xmin><ymin>188</ymin><xmax>274</xmax><ymax>215</ymax></bndbox></object><object><name>face</name><pose>Unspecified</pose><truncated>0</truncated><difficult>0</difficult><bndbox><xmin>240</xmin><ymin>173</ymin><xmax>258</xmax><ymax>200</ymax></bndbox></object><object><name>face</name><pose>Unspecified</pose><truncated>0</truncated><difficult>0</difficult><bndbox><xmin>218</xmin><ymin>224</ymin><xmax>243</xmax><ymax>267</ymax></bndbox></object><object><name>face</name><pose>Unspecified</pose><truncated>0</truncated><difficult>0</difficult><bndbox><xmin>263</xmin><ymin>162</ymin><xmax>274</xmax><ymax>180</ymax></bndbox></object><object><name>face</name><pose>Unspecified</pose><truncated>0</truncated><difficult>0</difficult><bndbox><xmin>507</xmin><ymin>158</ymin><xmax>535</xmax><ymax>193</ymax></bndbox></object><object><name>face</name><pose>Unspecified</pose><truncated>0</truncated><difficult>0</difficult><bndbox><xmin>546</xmin><ymin>138</ymin><xmax>562</xmax><ymax>159</ymax></bndbox></object><object><name>face</name><pose>Unspecified</pose><truncated>0</truncated><difficult>0</difficult><bndbox><xmin>401</xmin><ymin>163</ymin><xmax>423</xmax><ymax>191</ymax></bndbox></object><object><name>face</name><pose>Unspecified</pose><truncated>0</truncated><difficult>0</difficult><bndbox><xmin>369</xmin><ymin>180</ymin><xmax>398</xmax><ymax>211</ymax></bndbox></object><object><name>face</name><pose>Unspecified</pose><truncated>0</truncated><difficult>0</difficult><bndbox><xmin>62</xmin><ymin>332</ymin><xmax>114</xmax><ymax>387</ymax></bndbox></object><object><name>face</name><pose>Unspecified</pose><truncated>0</truncated><difficult>0</difficult><bndbox><xmin>59</xmin><ymin>244</ymin><xmax>101</xmax><ymax>297</ymax></bndbox></object><object><name>face</name><pose>Unspecified</pose><truncated>0</truncated><difficult>0</difficult><bndbox><xmin>112</xmin><ymin>258</ymin><xmax>142</xmax><ymax>299</ymax></bndbox></object><object><name>face</name><pose>Unspecified</pose><truncated>0</truncated><difficult>0</difficult><bndbox><xmin>486</xmin><ymin>148</ymin><xmax>502</xmax><ymax>170</ymax></bndbox></object><object><name>face</name><pose>Unspecified</pose><truncated>0</truncated><difficult>0</difficult><bndbox><xmin>429</xmin><ymin>180</ymin><xmax>450</xmax><ymax>207</ymax></bndbox></object></annotation>