<annotation><folder>2--Demonstration</folder><filename>2_Demonstration_Political_Rally_2_765.jpg</filename><path>2--Demonstration/2_Demonstration_Political_Rally_2_765.jpg</path><source><database>Unknown</database></source><size><width>1024</width><height>765</height><depth>3</depth></size><segmented>0</segmented><object><name>face</name><pose>Unspecified</pose><truncated>0</truncated><difficult>0</difficult><bndbox><xmin>351</xmin><ymin>271</ymin><xmax>448</xmax><ymax>390</ymax></bndbox></object><object><name>face</name><pose>Unspecified</pose><truncated>0</truncated><difficult>0</difficult><bndbox><xmin>570</xmin><ymin>421</ymin><xmax>657</xmax><ymax>534</ymax></bndbox></object><object><name>face</name><pose>Unspecified</pose><truncated>0</truncated><difficult>0</difficult><bndbox><xmin>39</xmin><ymin>285</ymin><xmax>50</xmax><ymax>298</ymax></bndbox></object><object><name>face</name><pose>Unspecified</pose><truncated>0</truncated><difficult>0</difficult><bndbox><xmin>161</xmin><ymin>307</ymin><xmax>171</xmax><ymax>322</ymax></bndbox></object><object><name>face</name><pose>Unspecified</pose><truncated>0</truncated><difficult>0</difficult><bndbox><xmin>177</xmin><ymin>350</ymin><xmax>188</xmax><ymax>363</ymax></bndbox></object><object><name>face</name><pose>Unspecified</pose><truncated>0</truncated><difficult>0</difficult><bndbox><xmin>93</xmin><ymin>292</ymin><xmax>106</xmax><ymax>309</ymax></bndbox></object><object><name>face</name><pose>Unspecified</pose><truncated>0</truncated><difficult>0</difficult><bndbox><xmin>651</xmin><ymin>313</ymin><xmax>661</xmax><ymax>326</ymax></bndbox></object><object><name>face</name><pose>Unspecified</pose><truncated>0</truncated><difficult>0</difficult><bndbox><xmin>622</xmin><ymin>305</ymin><xmax>637</xmax><ymax>326</ymax></bndbox></object><object><name>face</name><pose>Unspecified</pose><truncated>0</truncated><difficult>0</difficult><bndbox><xmin>857</xmin><ymin>354</ymin><xmax>889</xmax><ymax>399</ymax></bndbox></object><object><name>face</name><pose>Unspecified</pose><truncated>0</truncated><difficult>0</difficult><bndbox><xmin>695</xmin><ymin>326</ymin><xmax>705</xmax><ymax>340</ymax></bndbox></object><object><name>face</name><pose>Unspecified</pose><truncated>0</truncated><difficult>0</difficult><bndbox><xmin>1015</xmin><ymin>330</ymin><xmax>1024</xmax><ymax>342</ymax></bndbox></object><object><name>face</name><pose>Unspecified</pose><truncated>0</truncated><difficult>0</difficult><bndbox><xmin>966</xmin><ymin>335</ymin><xmax>975</xmax><ymax>346</ymax></bndbox></object><object><name>face</name><pose>Unspecified</pose><truncated>0</truncated><difficult>0</difficult><bndbox><xmin>11</xmin><ymin>300</ymin><xmax>21</xmax><ymax>313</ymax></bndbox></object><object><name>face</name><pose>Unspecified</pose><truncated>0</truncated><difficult>0</difficult><bndbox><xmin>3</xmin><ymin>275</ymin><xmax>12</xmax><ymax>286</ymax></bndbox></object><object><name>face</name><pose>Unspecified</pose><truncated>0</truncated><difficult>0</difficult><bndbox><xmin>201</xmin><ymin>301</ymin><xmax>207</xmax><ymax>308</ymax></bndbox></object><object><name>face</name><pose>Unspecified</pose><truncated>0</truncated><difficult>0</difficult><bndbox><xmin>483</xmin><ymin>315</ymin><xmax>495</xmax><ymax>326</ymax></bndbox></object><object><name>face</name><pose>Unspecified</pose><truncated>0</truncated><difficult>0</difficult><bndbox><xmin>488</xmin><ymin>307</ymin><xmax>497</xmax><ymax>326</ymax></bndbox></object></annotation>