<annotation><folder>2--Demonstration</folder><filename>2_Demonstration_Political_Rally_2_176.jpg</filename><path>2--Demonstration/2_Demonstration_Political_Rally_2_176.jpg</path><source><database>Unknown</database></source><size><width>1024</width><height>1400</height><depth>3</depth></size><segmented>0</segmented><object><name>face</name><pose>Unspecified</pose><truncated>0</truncated><difficult>0</difficult><bndbox><xmin>210</xmin><ymin>418</ymin><xmax>570</xmax><ymax>869</ymax></bndbox></object></annotation>