<annotation><folder>2--Demonstration</folder><filename>2_Demonstration_Political_Rally_2_497.jpg</filename><path>2--Demonstration/2_Demonstration_Political_Rally_2_497.jpg</path><source><database>Unknown</database></source><size><width>1024</width><height>1290</height><depth>3</depth></size><segmented>0</segmented><object><name>face</name><pose>Unspecified</pose><truncated>0</truncated><difficult>0</difficult><bndbox><xmin>216</xmin><ymin>179</ymin><xmax>669</xmax><ymax>846</ymax></bndbox></object></annotation>