<annotation><folder>2--Demonstration</folder><filename>2_Demonstration_Demonstration_Or_Protest_2_830.jpg</filename><path>2--Demonstration/2_Demonstration_Demonstration_Or_Protest_2_830.jpg</path><source><database>Unknown</database></source><size><width>1024</width><height>680</height><depth>3</depth></size><segmented>0</segmented><object><name>face</name><pose>Unspecified</pose><truncated>0</truncated><difficult>0</difficult><bndbox><xmin>470</xmin><ymin>321</ymin><xmax>506</xmax><ymax>356</ymax></bndbox></object><object><name>face</name><pose>Unspecified</pose><truncated>0</truncated><difficult>0</difficult><bndbox><xmin>23</xmin><ymin>313</ymin><xmax>34</xmax><ymax>327</ymax></bndbox></object><object><name>face</name><pose>Unspecified</pose><truncated>0</truncated><difficult>0</difficult><bndbox><xmin>34</xmin><ymin>303</ymin><xmax>43</xmax><ymax>313</ymax></bndbox></object><object><name>face</name><pose>Unspecified</pose><truncated>0</truncated><difficult>0</difficult><bndbox><xmin>4</xmin><ymin>303</ymin><xmax>12</xmax><ymax>314</ymax></bndbox></object><object><name>face</name><pose>Unspecified</pose><truncated>0</truncated><difficult>0</difficult><bndbox><xmin>910</xmin><ymin>316</ymin><xmax>922</xmax><ymax>333</ymax></bndbox></object><object><name>face</name><pose>Unspecified</pose><truncated>0</truncated><difficult>0</difficult><bndbox><xmin>935</xmin><ymin>289</ymin><xmax>947</xmax><ymax>303</ymax></bndbox></object><object><name>face</name><pose>Unspecified</pose><truncated>0</truncated><difficult>0</difficult><bndbox><xmin>714</xmin><ymin>304</ymin><xmax>798</xmax><ymax>402</ymax></bndbox></object><object><name>face</name><pose>Unspecified</pose><truncated>0</truncated><difficult>0</difficult><bndbox><xmin>672</xmin><ymin>298</ymin><xmax>710</xmax><ymax>345</ymax></bndbox></object><object><name>face</name><pose>Unspecified</pose><truncated>0</truncated><difficult>0</difficult><bndbox><xmin>894</xmin><ymin>302</ymin><xmax>904</xmax><ymax>312</ymax></bndbox></object></annotation>