<annotation><folder>2--Demonstration</folder><filename>2_Demonstration_Political_Rally_2_320.jpg</filename><path>2--Demonstration/2_Demonstration_Political_Rally_2_320.jpg</path><source><database>Unknown</database></source><size><width>1024</width><height>768</height><depth>3</depth></size><segmented>0</segmented><object><name>face</name><pose>Unspecified</pose><truncated>0</truncated><difficult>0</difficult><bndbox><xmin>1013</xmin><ymin>548</ymin><xmax>1024</xmax><ymax>565</ymax></bndbox></object><object><name>face</name><pose>Unspecified</pose><truncated>0</truncated><difficult>0</difficult><bndbox><xmin>994</xmin><ymin>585</ymin><xmax>1013</xmax><ymax>603</ymax></bndbox></object><object><name>face</name><pose>Unspecified</pose><truncated>0</truncated><difficult>0</difficult><bndbox><xmin>977</xmin><ymin>622</ymin><xmax>996</xmax><ymax>647</ymax></bndbox></object><object><name>face</name><pose>Unspecified</pose><truncated>0</truncated><difficult>0</difficult><bndbox><xmin>944</xmin><ymin>551</ymin><xmax>960</xmax><ymax>569</ymax></bndbox></object><object><name>face</name><pose>Unspecified</pose><truncated>0</truncated><difficult>0</difficult><bndbox><xmin>937</xmin><ymin>580</ymin><xmax>953</xmax><ymax>598</ymax></bndbox></object><object><name>face</name><pose>Unspecified</pose><truncated>0</truncated><difficult>0</difficult><bndbox><xmin>953</xmin><ymin>593</ymin><xmax>972</xmax><ymax>616</ymax></bndbox></object><object><name>face</name><pose>Unspecified</pose><truncated>0</truncated><difficult>0</difficult><bndbox><xmin>884</xmin><ymin>552</ymin><xmax>898</xmax><ymax>568</ymax></bndbox></object><object><name>face</name><pose>Unspecified</pose><truncated>0</truncated><difficult>0</difficult><bndbox><xmin>886</xmin><ymin>584</ymin><xmax>903</xmax><ymax>605</ymax></bndbox></object><object><name>face</name><pose>Unspecified</pose><truncated>0</truncated><difficult>0</difficult><bndbox><xmin>939</xmin><ymin>622</ymin><xmax>957</xmax><ymax>644</ymax></bndbox></object><object><name>face</name><pose>Unspecified</pose><truncated>0</truncated><difficult>0</difficult><bndbox><xmin>973</xmin><ymin>693</ymin><xmax>990</xmax><ymax>710</ymax></bndbox></object><object><name>face</name><pose>Unspecified</pose><truncated>0</truncated><difficult>0</difficult><bndbox><xmin>771</xmin><ymin>545</ymin><xmax>786</xmax><ymax>566</ymax></bndbox></object><object><name>face</name><pose>Unspecified</pose><truncated>0</truncated><difficult>0</difficult><bndbox><xmin>741</xmin><ymin>559</ymin><xmax>755</xmax><ymax>579</ymax></bndbox></object><object><name>face</name><pose>Unspecified</pose><truncated>0</truncated><difficult>0</difficult><bndbox><xmin>719</xmin><ymin>547</ymin><xmax>734</xmax><ymax>566</ymax></bndbox></object><object><name>face</name><pose>Unspecified</pose><truncated>0</truncated><difficult>0</difficult><bndbox><xmin>802</xmin><ymin>619</ymin><xmax>820</xmax><ymax>644</ymax></bndbox></object><object><name>face</name><pose>Unspecified</pose><truncated>0</truncated><difficult>0</difficult><bndbox><xmin>768</xmin><ymin>612</ymin><xmax>785</xmax><ymax>632</ymax></bndbox></object><object><name>face</name><pose>Unspecified</pose><truncated>0</truncated><difficult>0</difficult><bndbox><xmin>734</xmin><ymin>588</ymin><xmax>750</xmax><ymax>608</ymax></bndbox></object><object><name>face</name><pose>Unspecified</pose><truncated>0</truncated><difficult>0</difficult><bndbox><xmin>697</xmin><ymin>558</ymin><xmax>711</xmax><ymax>577</ymax></bndbox></object><object><name>face</name><pose>Unspecified</pose><truncated>0</truncated><difficult>0</difficult><bndbox><xmin>727</xmin><ymin>628</ymin><xmax>746</xmax><ymax>652</ymax></bndbox></object><object><name>face</name><pose>Unspecified</pose><truncated>0</truncated><difficult>0</difficult><bndbox><xmin>696</xmin><ymin>606</ymin><xmax>710</xmax><ymax>626</ymax></bndbox></object><object><name>face</name><pose>Unspecified</pose><truncated>0</truncated><difficult>0</difficult><bndbox><xmin>659</xmin><ymin>589</ymin><xmax>673</xmax><ymax>606</ymax></bndbox></object><object><name>face</name><pose>Unspecified</pose><truncated>0</truncated><difficult>0</difficult><bndbox><xmin>657</xmin><ymin>606</ymin><xmax>672</xmax><ymax>625</ymax></bndbox></object><object><name>face</name><pose>Unspecified</pose><truncated>0</truncated><difficult>0</difficult><bndbox><xmin>668</xmin><ymin>625</ymin><xmax>685</xmax><ymax>643</ymax></bndbox></object><object><name>face</name><pose>Unspecified</pose><truncated>0</truncated><difficult>0</difficult><bndbox><xmin>664</xmin><ymin>645</ymin><xmax>683</xmax><ymax>672</ymax></bndbox></object><object><name>face</name><pose>Unspecified</pose><truncated>0</truncated><difficult>0</difficult><bndbox><xmin>624</xmin><ymin>540</ymin><xmax>640</xmax><ymax>561</ymax></bndbox></object><object><name>face</name><pose>Unspecified</pose><truncated>0</truncated><difficult>0</difficult><bndbox><xmin>825</xmin><ymin>671</ymin><xmax>846</xmax><ymax>692</ymax></bndbox></object><object><name>face</name><pose>Unspecified</pose><truncated>0</truncated><difficult>0</difficult><bndbox><xmin>862</xmin><ymin>706</ymin><xmax>881</xmax><ymax>733</ymax></bndbox></object><object><name>face</name><pose>Unspecified</pose><truncated>0</truncated><difficult>0</difficult><bndbox><xmin>864</xmin><ymin>747</ymin><xmax>884</xmax><ymax>768</ymax></bndbox></object><object><name>face</name><pose>Unspecified</pose><truncated>0</truncated><difficult>0</difficult><bndbox><xmin>760</xmin><ymin>682</ymin><xmax>779</xmax><ymax>710</ymax></bndbox></object><object><name>face</name><pose>Unspecified</pose><truncated>0</truncated><difficult>0</difficult><bndbox><xmin>771</xmin><ymin>700</ymin><xmax>794</xmax><ymax>729</ymax></bndbox></object><object><name>face</name><pose>Unspecified</pose><truncated>0</truncated><difficult>0</difficult><bndbox><xmin>776</xmin><ymin>738</ymin><xmax>799</xmax><ymax>766</ymax></bndbox></object><object><name>face</name><pose>Unspecified</pose><truncated>0</truncated><difficult>0</difficult><bndbox><xmin>673</xmin><ymin>668</ymin><xmax>694</xmax><ymax>697</ymax></bndbox></object><object><name>face</name><pose>Unspecified</pose><truncated>0</truncated><difficult>0</difficult><bndbox><xmin>692</xmin><ymin>698</ymin><xmax>715</xmax><ymax>725</ymax></bndbox></object><object><name>face</name><pose>Unspecified</pose><truncated>0</truncated><difficult>0</difficult><bndbox><xmin>705</xmin><ymin>737</ymin><xmax>724</xmax><ymax>760</ymax></bndbox></object><object><name>face</name><pose>Unspecified</pose><truncated>0</truncated><difficult>0</difficult><bndbox><xmin>582</xmin><ymin>552</ymin><xmax>598</xmax><ymax>576</ymax></bndbox></object><object><name>face</name><pose>Unspecified</pose><truncated>0</truncated><difficult>0</difficult><bndbox><xmin>566</xmin><ymin>544</ymin><xmax>582</xmax><ymax>562</ymax></bndbox></object><object><name>face</name><pose>Unspecified</pose><truncated>0</truncated><difficult>0</difficult><bndbox><xmin>515</xmin><ymin>549</ymin><xmax>530</xmax><ymax>565</ymax></bndbox></object><object><name>face</name><pose>Unspecified</pose><truncated>0</truncated><difficult>0</difficult><bndbox><xmin>546</xmin><ymin>565</ymin><xmax>560</xmax><ymax>586</ymax></bndbox></object><object><name>face</name><pose>Unspecified</pose><truncated>0</truncated><difficult>0</difficult><bndbox><xmin>539</xmin><ymin>579</ymin><xmax>555</xmax><ymax>601</ymax></bndbox></object><object><name>face</name><pose>Unspecified</pose><truncated>0</truncated><difficult>0</difficult><bndbox><xmin>482</xmin><ymin>552</ymin><xmax>495</xmax><ymax>568</ymax></bndbox></object><object><name>face</name><pose>Unspecified</pose><truncated>0</truncated><difficult>0</difficult><bndbox><xmin>481</xmin><ymin>571</ymin><xmax>496</xmax><ymax>588</ymax></bndbox></object><object><name>face</name><pose>Unspecified</pose><truncated>0</truncated><difficult>0</difficult><bndbox><xmin>414</xmin><ymin>546</ymin><xmax>427</xmax><ymax>562</ymax></bndbox></object><object><name>face</name><pose>Unspecified</pose><truncated>0</truncated><difficult>0</difficult><bndbox><xmin>434</xmin><ymin>572</ymin><xmax>450</xmax><ymax>592</ymax></bndbox></object><object><name>face</name><pose>Unspecified</pose><truncated>0</truncated><difficult>0</difficult><bndbox><xmin>510</xmin><ymin>605</ymin><xmax>526</xmax><ymax>625</ymax></bndbox></object><object><name>face</name><pose>Unspecified</pose><truncated>0</truncated><difficult>0</difficult><bndbox><xmin>583</xmin><ymin>627</ymin><xmax>600</xmax><ymax>649</ymax></bndbox></object><object><name>face</name><pose>Unspecified</pose><truncated>0</truncated><difficult>0</difficult><bndbox><xmin>442</xmin><ymin>613</ymin><xmax>460</xmax><ymax>637</ymax></bndbox></object><object><name>face</name><pose>Unspecified</pose><truncated>0</truncated><difficult>0</difficult><bndbox><xmin>487</xmin><ymin>632</ymin><xmax>507</xmax><ymax>656</ymax></bndbox></object><object><name>face</name><pose>Unspecified</pose><truncated>0</truncated><difficult>0</difficult><bndbox><xmin>616</xmin><ymin>649</ymin><xmax>637</xmax><ymax>673</ymax></bndbox></object><object><name>face</name><pose>Unspecified</pose><truncated>0</truncated><difficult>0</difficult><bndbox><xmin>585</xmin><ymin>680</ymin><xmax>603</xmax><ymax>703</ymax></bndbox></object><object><name>face</name><pose>Unspecified</pose><truncated>0</truncated><difficult>0</difficult><bndbox><xmin>613</xmin><ymin>707</ymin><xmax>633</xmax><ymax>732</ymax></bndbox></object><object><name>face</name><pose>Unspecified</pose><truncated>0</truncated><difficult>0</difficult><bndbox><xmin>625</xmin><ymin>731</ymin><xmax>644</xmax><ymax>753</ymax></bndbox></object><object><name>face</name><pose>Unspecified</pose><truncated>0</truncated><difficult>0</difficult><bndbox><xmin>573</xmin><ymin>708</ymin><xmax>592</xmax><ymax>734</ymax></bndbox></object><object><name>face</name><pose>Unspecified</pose><truncated>0</truncated><difficult>0</difficult><bndbox><xmin>531</xmin><ymin>650</ymin><xmax>550</xmax><ymax>675</ymax></bndbox></object><object><name>face</name><pose>Unspecified</pose><truncated>0</truncated><difficult>0</difficult><bndbox><xmin>516</xmin><ymin>678</ymin><xmax>534</xmax><ymax>699</ymax></bndbox></object><object><name>face</name><pose>Unspecified</pose><truncated>0</truncated><difficult>0</difficult><bndbox><xmin>550</xmin><ymin>740</ymin><xmax>569</xmax><ymax>766</ymax></bndbox></object><object><name>face</name><pose>Unspecified</pose><truncated>0</truncated><difficult>0</difficult><bndbox><xmin>489</xmin><ymin>675</ymin><xmax>505</xmax><ymax>695</ymax></bndbox></object><object><name>face</name><pose>Unspecified</pose><truncated>0</truncated><difficult>0</difficult><bndbox><xmin>493</xmin><ymin>720</ymin><xmax>512</xmax><ymax>742</ymax></bndbox></object><object><name>face</name><pose>Unspecified</pose><truncated>0</truncated><difficult>0</difficult><bndbox><xmin>350</xmin><ymin>547</ymin><xmax>365</xmax><ymax>563</ymax></bndbox></object><object><name>face</name><pose>Unspecified</pose><truncated>0</truncated><difficult>0</difficult><bndbox><xmin>368</xmin><ymin>585</ymin><xmax>386</xmax><ymax>609</ymax></bndbox></object><object><name>face</name><pose>Unspecified</pose><truncated>0</truncated><difficult>0</difficult><bndbox><xmin>389</xmin><ymin>606</ymin><xmax>408</xmax><ymax>626</ymax></bndbox></object><object><name>face</name><pose>Unspecified</pose><truncated>0</truncated><difficult>0</difficult><bndbox><xmin>420</xmin><ymin>637</ymin><xmax>435</xmax><ymax>658</ymax></bndbox></object><object><name>face</name><pose>Unspecified</pose><truncated>0</truncated><difficult>0</difficult><bndbox><xmin>288</xmin><ymin>564</ymin><xmax>302</xmax><ymax>579</ymax></bndbox></object><object><name>face</name><pose>Unspecified</pose><truncated>0</truncated><difficult>0</difficult><bndbox><xmin>319</xmin><ymin>583</ymin><xmax>336</xmax><ymax>605</ymax></bndbox></object><object><name>face</name><pose>Unspecified</pose><truncated>0</truncated><difficult>0</difficult><bndbox><xmin>310</xmin><ymin>613</ymin><xmax>328</xmax><ymax>632</ymax></bndbox></object><object><name>face</name><pose>Unspecified</pose><truncated>0</truncated><difficult>0</difficult><bndbox><xmin>387</xmin><ymin>681</ymin><xmax>408</xmax><ymax>708</ymax></bndbox></object><object><name>face</name><pose>Unspecified</pose><truncated>0</truncated><difficult>0</difficult><bndbox><xmin>415</xmin><ymin>713</ymin><xmax>434</xmax><ymax>736</ymax></bndbox></object><object><name>face</name><pose>Unspecified</pose><truncated>0</truncated><difficult>0</difficult><bndbox><xmin>445</xmin><ymin>681</ymin><xmax>462</xmax><ymax>705</ymax></bndbox></object><object><name>face</name><pose>Unspecified</pose><truncated>0</truncated><difficult>0</difficult><bndbox><xmin>417</xmin><ymin>652</ymin><xmax>435</xmax><ymax>677</ymax></bndbox></object><object><name>face</name><pose>Unspecified</pose><truncated>0</truncated><difficult>0</difficult><bndbox><xmin>338</xmin><ymin>666</ymin><xmax>356</xmax><ymax>686</ymax></bndbox></object><object><name>face</name><pose>Unspecified</pose><truncated>0</truncated><difficult>0</difficult><bndbox><xmin>320</xmin><ymin>715</ymin><xmax>341</xmax><ymax>740</ymax></bndbox></object><object><name>face</name><pose>Unspecified</pose><truncated>0</truncated><difficult>0</difficult><bndbox><xmin>301</xmin><ymin>684</ymin><xmax>318</xmax><ymax>706</ymax></bndbox></object><object><name>face</name><pose>Unspecified</pose><truncated>0</truncated><difficult>0</difficult><bndbox><xmin>260</xmin><ymin>610</ymin><xmax>278</xmax><ymax>631</ymax></bndbox></object><object><name>face</name><pose>Unspecified</pose><truncated>0</truncated><difficult>0</difficult><bndbox><xmin>257</xmin><ymin>662</ymin><xmax>274</xmax><ymax>685</ymax></bndbox></object><object><name>face</name><pose>Unspecified</pose><truncated>0</truncated><difficult>0</difficult><bndbox><xmin>286</xmin><ymin>731</ymin><xmax>310</xmax><ymax>762</ymax></bndbox></object><object><name>face</name><pose>Unspecified</pose><truncated>0</truncated><difficult>0</difficult><bndbox><xmin>206</xmin><ymin>552</ymin><xmax>222</xmax><ymax>567</ymax></bndbox></object><object><name>face</name><pose>Unspecified</pose><truncated>0</truncated><difficult>0</difficult><bndbox><xmin>124</xmin><ymin>544</ymin><xmax>139</xmax><ymax>566</ymax></bndbox></object><object><name>face</name><pose>Unspecified</pose><truncated>0</truncated><difficult>0</difficult><bndbox><xmin>192</xmin><ymin>586</ymin><xmax>207</xmax><ymax>606</ymax></bndbox></object><object><name>face</name><pose>Unspecified</pose><truncated>0</truncated><difficult>0</difficult><bndbox><xmin>204</xmin><ymin>607</ymin><xmax>221</xmax><ymax>629</ymax></bndbox></object><object><name>face</name><pose>Unspecified</pose><truncated>0</truncated><difficult>0</difficult><bndbox><xmin>209</xmin><ymin>665</ymin><xmax>228</xmax><ymax>689</ymax></bndbox></object><object><name>face</name><pose>Unspecified</pose><truncated>0</truncated><difficult>0</difficult><bndbox><xmin>125</xmin><ymin>599</ymin><xmax>141</xmax><ymax>619</ymax></bndbox></object><object><name>face</name><pose>Unspecified</pose><truncated>0</truncated><difficult>0</difficult><bndbox><xmin>137</xmin><ymin>607</ymin><xmax>151</xmax><ymax>623</ymax></bndbox></object><object><name>face</name><pose>Unspecified</pose><truncated>0</truncated><difficult>0</difficult><bndbox><xmin>130</xmin><ymin>640</ymin><xmax>148</xmax><ymax>658</ymax></bndbox></object><object><name>face</name><pose>Unspecified</pose><truncated>0</truncated><difficult>0</difficult><bndbox><xmin>107</xmin><ymin>662</ymin><xmax>127</xmax><ymax>686</ymax></bndbox></object><object><name>face</name><pose>Unspecified</pose><truncated>0</truncated><difficult>0</difficult><bndbox><xmin>113</xmin><ymin>688</ymin><xmax>130</xmax><ymax>714</ymax></bndbox></object><object><name>face</name><pose>Unspecified</pose><truncated>0</truncated><difficult>0</difficult><bndbox><xmin>233</xmin><ymin>719</ymin><xmax>252</xmax><ymax>742</ymax></bndbox></object><object><name>face</name><pose>Unspecified</pose><truncated>0</truncated><difficult>0</difficult><bndbox><xmin>65</xmin><ymin>553</ymin><xmax>82</xmax><ymax>573</ymax></bndbox></object><object><name>face</name><pose>Unspecified</pose><truncated>0</truncated><difficult>0</difficult><bndbox><xmin>48</xmin><ymin>585</ymin><xmax>66</xmax><ymax>608</ymax></bndbox></object><object><name>face</name><pose>Unspecified</pose><truncated>0</truncated><difficult>0</difficult><bndbox><xmin>68</xmin><ymin>611</ymin><xmax>87</xmax><ymax>636</ymax></bndbox></object><object><name>face</name><pose>Unspecified</pose><truncated>0</truncated><difficult>0</difficult><bndbox><xmin>47</xmin><ymin>627</ymin><xmax>67</xmax><ymax>646</ymax></bndbox></object><object><name>face</name><pose>Unspecified</pose><truncated>0</truncated><difficult>0</difficult><bndbox><xmin>64</xmin><ymin>663</ymin><xmax>83</xmax><ymax>687</ymax></bndbox></object><object><name>face</name><pose>Unspecified</pose><truncated>0</truncated><difficult>0</difficult><bndbox><xmin>69</xmin><ymin>690</ymin><xmax>86</xmax><ymax>716</ymax></bndbox></object><object><name>face</name><pose>Unspecified</pose><truncated>0</truncated><difficult>0</difficult><bndbox><xmin>103</xmin><ymin>726</ymin><xmax>123</xmax><ymax>751</ymax></bndbox></object><object><name>face</name><pose>Unspecified</pose><truncated>0</truncated><difficult>0</difficult><bndbox><xmin>64</xmin><ymin>751</ymin><xmax>84</xmax><ymax>768</ymax></bndbox></object><object><name>face</name><pose>Unspecified</pose><truncated>0</truncated><difficult>0</difficult><bndbox><xmin>824</xmin><ymin>652</ymin><xmax>840</xmax><ymax>674</ymax></bndbox></object><object><name>face</name><pose>Unspecified</pose><truncated>0</truncated><difficult>0</difficult><bndbox><xmin>779</xmin><ymin>663</ymin><xmax>794</xmax><ymax>684</ymax></bndbox></object></annotation>