<annotation><folder>2--Demonstration</folder><filename>2_Demonstration_Demonstrators_2_255.jpg</filename><path>2--Demonstration/2_Demonstration_Demonstrators_2_255.jpg</path><source><database>Unknown</database></source><size><width>1024</width><height>685</height><depth>3</depth></size><segmented>0</segmented><object><name>face</name><pose>Unspecified</pose><truncated>0</truncated><difficult>0</difficult><bndbox><xmin>457</xmin><ymin>188</ymin><xmax>519</xmax><ymax>248</ymax></bndbox></object><object><name>face</name><pose>Unspecified</pose><truncated>0</truncated><difficult>0</difficult><bndbox><xmin>198</xmin><ymin>334</ymin><xmax>245</xmax><ymax>382</ymax></bndbox></object><object><name>face</name><pose>Unspecified</pose><truncated>0</truncated><difficult>0</difficult><bndbox><xmin>104</xmin><ymin>330</ymin><xmax>146</xmax><ymax>377</ymax></bndbox></object><object><name>face</name><pose>Unspecified</pose><truncated>0</truncated><difficult>0</difficult><bndbox><xmin>15</xmin><ymin>365</ymin><xmax>53</xmax><ymax>412</ymax></bndbox></object><object><name>face</name><pose>Unspecified</pose><truncated>0</truncated><difficult>0</difficult><bndbox><xmin>346</xmin><ymin>357</ymin><xmax>371</xmax><ymax>385</ymax></bndbox></object><object><name>face</name><pose>Unspecified</pose><truncated>0</truncated><difficult>0</difficult><bndbox><xmin>628</xmin><ymin>292</ymin><xmax>672</xmax><ymax>346</ymax></bndbox></object><object><name>face</name><pose>Unspecified</pose><truncated>0</truncated><difficult>0</difficult><bndbox><xmin>773</xmin><ymin>330</ymin><xmax>819</xmax><ymax>386</ymax></bndbox></object><object><name>face</name><pose>Unspecified</pose><truncated>0</truncated><difficult>0</difficult><bndbox><xmin>849</xmin><ymin>299</ymin><xmax>917</xmax><ymax>378</ymax></bndbox></object><object><name>face</name><pose>Unspecified</pose><truncated>0</truncated><difficult>0</difficult><bndbox><xmin>944</xmin><ymin>307</ymin><xmax>1018</xmax><ymax>380</ymax></bndbox></object><object><name>face</name><pose>Unspecified</pose><truncated>0</truncated><difficult>0</difficult><bndbox><xmin>581</xmin><ymin>348</ymin><xmax>620</xmax><ymax>396</ymax></bndbox></object></annotation>