<annotation><folder>2--Demonstration</folder><filename>2_Demonstration_Political_Rally_2_397.jpg</filename><path>2--Demonstration/2_Demonstration_Political_Rally_2_397.jpg</path><source><database>Unknown</database></source><size><width>1024</width><height>602</height><depth>3</depth></size><segmented>0</segmented><object><name>face</name><pose>Unspecified</pose><truncated>0</truncated><difficult>0</difficult><bndbox><xmin>949</xmin><ymin>118</ymin><xmax>961</xmax><ymax>134</ymax></bndbox></object><object><name>face</name><pose>Unspecified</pose><truncated>0</truncated><difficult>0</difficult><bndbox><xmin>622</xmin><ymin>129</ymin><xmax>648</xmax><ymax>168</ymax></bndbox></object><object><name>face</name><pose>Unspecified</pose><truncated>0</truncated><difficult>0</difficult><bndbox><xmin>659</xmin><ymin>122</ymin><xmax>669</xmax><ymax>135</ymax></bndbox></object><object><name>face</name><pose>Unspecified</pose><truncated>0</truncated><difficult>0</difficult><bndbox><xmin>647</xmin><ymin>120</ymin><xmax>657</xmax><ymax>133</ymax></bndbox></object><object><name>face</name><pose>Unspecified</pose><truncated>0</truncated><difficult>0</difficult><bndbox><xmin>596</xmin><ymin>113</ymin><xmax>611</xmax><ymax>135</ymax></bndbox></object><object><name>face</name><pose>Unspecified</pose><truncated>0</truncated><difficult>0</difficult><bndbox><xmin>482</xmin><ymin>13</ymin><xmax>509</xmax><ymax>53</ymax></bndbox></object><object><name>face</name><pose>Unspecified</pose><truncated>0</truncated><difficult>0</difficult><bndbox><xmin>402</xmin><ymin>140</ymin><xmax>433</xmax><ymax>180</ymax></bndbox></object><object><name>face</name><pose>Unspecified</pose><truncated>0</truncated><difficult>0</difficult><bndbox><xmin>51</xmin><ymin>133</ymin><xmax>58</xmax><ymax>141</ymax></bndbox></object><object><name>face</name><pose>Unspecified</pose><truncated>0</truncated><difficult>0</difficult><bndbox><xmin>79</xmin><ymin>143</ymin><xmax>86</xmax><ymax>150</ymax></bndbox></object></annotation>