<annotation><folder>2--Demonstration</folder><filename>2_Demonstration_Demonstration_Or_Protest_2_447.jpg</filename><path>2--Demonstration/2_Demonstration_Demonstration_Or_Protest_2_447.jpg</path><source><database>Unknown</database></source><size><width>1024</width><height>754</height><depth>3</depth></size><segmented>0</segmented><object><name>face</name><pose>Unspecified</pose><truncated>0</truncated><difficult>0</difficult><bndbox><xmin>30</xmin><ymin>410</ymin><xmax>100</xmax><ymax>486</ymax></bndbox></object><object><name>face</name><pose>Unspecified</pose><truncated>0</truncated><difficult>0</difficult><bndbox><xmin>238</xmin><ymin>292</ymin><xmax>277</xmax><ymax>344</ymax></bndbox></object><object><name>face</name><pose>Unspecified</pose><truncated>0</truncated><difficult>0</difficult><bndbox><xmin>331</xmin><ymin>308</ymin><xmax>367</xmax><ymax>357</ymax></bndbox></object><object><name>face</name><pose>Unspecified</pose><truncated>0</truncated><difficult>0</difficult><bndbox><xmin>249</xmin><ymin>429</ymin><xmax>321</xmax><ymax>518</ymax></bndbox></object><object><name>face</name><pose>Unspecified</pose><truncated>0</truncated><difficult>0</difficult><bndbox><xmin>405</xmin><ymin>340</ymin><xmax>541</xmax><ymax>505</ymax></bndbox></object><object><name>face</name><pose>Unspecified</pose><truncated>0</truncated><difficult>0</difficult><bndbox><xmin>556</xmin><ymin>415</ymin><xmax>608</xmax><ymax>496</ymax></bndbox></object><object><name>face</name><pose>Unspecified</pose><truncated>0</truncated><difficult>0</difficult><bndbox><xmin>807</xmin><ymin>371</ymin><xmax>952</xmax><ymax>489</ymax></bndbox></object></annotation>