<annotation><folder>2--Demonstration</folder><filename>2_Demonstration_Demonstration_Or_Protest_2_1017.jpg</filename><path>2--Demonstration/2_Demonstration_Demonstration_Or_Protest_2_1017.jpg</path><source><database>Unknown</database></source><size><width>1024</width><height>709</height><depth>3</depth></size><segmented>0</segmented><object><name>face</name><pose>Unspecified</pose><truncated>0</truncated><difficult>0</difficult><bndbox><xmin>2</xmin><ymin>306</ymin><xmax>54</xmax><ymax>399</ymax></bndbox></object><object><name>face</name><pose>Unspecified</pose><truncated>0</truncated><difficult>0</difficult><bndbox><xmin>76</xmin><ymin>202</ymin><xmax>125</xmax><ymax>268</ymax></bndbox></object><object><name>face</name><pose>Unspecified</pose><truncated>0</truncated><difficult>0</difficult><bndbox><xmin>2</xmin><ymin>427</ymin><xmax>46</xmax><ymax>530</ymax></bndbox></object><object><name>face</name><pose>Unspecified</pose><truncated>0</truncated><difficult>0</difficult><bndbox><xmin>72</xmin><ymin>470</ymin><xmax>242</xmax><ymax>683</ymax></bndbox></object><object><name>face</name><pose>Unspecified</pose><truncated>0</truncated><difficult>0</difficult><bndbox><xmin>252</xmin><ymin>383</ymin><xmax>316</xmax><ymax>470</ymax></bndbox></object><object><name>face</name><pose>Unspecified</pose><truncated>0</truncated><difficult>0</difficult><bndbox><xmin>334</xmin><ymin>396</ymin><xmax>492</xmax><ymax>592</ymax></bndbox></object><object><name>face</name><pose>Unspecified</pose><truncated>0</truncated><difficult>0</difficult><bndbox><xmin>469</xmin><ymin>375</ymin><xmax>520</xmax><ymax>433</ymax></bndbox></object><object><name>face</name><pose>Unspecified</pose><truncated>0</truncated><difficult>0</difficult><bndbox><xmin>360</xmin><ymin>334</ymin><xmax>428</xmax><ymax>420</ymax></bndbox></object><object><name>face</name><pose>Unspecified</pose><truncated>0</truncated><difficult>0</difficult><bndbox><xmin>675</xmin><ymin>393</ymin><xmax>738</xmax><ymax>483</ymax></bndbox></object><object><name>face</name><pose>Unspecified</pose><truncated>0</truncated><difficult>0</difficult><bndbox><xmin>833</xmin><ymin>434</ymin><xmax>911</xmax><ymax>529</ymax></bndbox></object><object><name>face</name><pose>Unspecified</pose><truncated>0</truncated><difficult>0</difficult><bndbox><xmin>692</xmin><ymin>483</ymin><xmax>849</xmax><ymax>705</ymax></bndbox></object></annotation>