<annotation><folder>2--Demonstration</folder><filename>2_Demonstration_Political_Rally_2_201.jpg</filename><path>2--Demonstration/2_Demonstration_Political_Rally_2_201.jpg</path><source><database>Unknown</database></source><size><width>1024</width><height>830</height><depth>3</depth></size><segmented>0</segmented><object><name>face</name><pose>Unspecified</pose><truncated>0</truncated><difficult>0</difficult><bndbox><xmin>607</xmin><ymin>486</ymin><xmax>617</xmax><ymax>499</ymax></bndbox></object><object><name>face</name><pose>Unspecified</pose><truncated>0</truncated><difficult>0</difficult><bndbox><xmin>639</xmin><ymin>503</ymin><xmax>649</xmax><ymax>517</ymax></bndbox></object><object><name>face</name><pose>Unspecified</pose><truncated>0</truncated><difficult>0</difficult><bndbox><xmin>635</xmin><ymin>483</ymin><xmax>644</xmax><ymax>495</ymax></bndbox></object><object><name>face</name><pose>Unspecified</pose><truncated>0</truncated><difficult>0</difficult><bndbox><xmin>681</xmin><ymin>497</ymin><xmax>689</xmax><ymax>509</ymax></bndbox></object><object><name>face</name><pose>Unspecified</pose><truncated>0</truncated><difficult>0</difficult><bndbox><xmin>702</xmin><ymin>516</ymin><xmax>712</xmax><ymax>529</ymax></bndbox></object><object><name>face</name><pose>Unspecified</pose><truncated>0</truncated><difficult>0</difficult><bndbox><xmin>720</xmin><ymin>502</ymin><xmax>731</xmax><ymax>514</ymax></bndbox></object><object><name>face</name><pose>Unspecified</pose><truncated>0</truncated><difficult>0</difficult><bndbox><xmin>719</xmin><ymin>473</ymin><xmax>727</xmax><ymax>482</ymax></bndbox></object><object><name>face</name><pose>Unspecified</pose><truncated>0</truncated><difficult>0</difficult><bndbox><xmin>705</xmin><ymin>457</ymin><xmax>714</xmax><ymax>467</ymax></bndbox></object><object><name>face</name><pose>Unspecified</pose><truncated>0</truncated><difficult>0</difficult><bndbox><xmin>689</xmin><ymin>486</ymin><xmax>697</xmax><ymax>496</ymax></bndbox></object><object><name>face</name><pose>Unspecified</pose><truncated>0</truncated><difficult>0</difficult><bndbox><xmin>571</xmin><ymin>490</ymin><xmax>580</xmax><ymax>501</ymax></bndbox></object><object><name>face</name><pose>Unspecified</pose><truncated>0</truncated><difficult>0</difficult><bndbox><xmin>557</xmin><ymin>473</ymin><xmax>567</xmax><ymax>484</ymax></bndbox></object><object><name>face</name><pose>Unspecified</pose><truncated>0</truncated><difficult>0</difficult><bndbox><xmin>525</xmin><ymin>471</ymin><xmax>536</xmax><ymax>482</ymax></bndbox></object><object><name>face</name><pose>Unspecified</pose><truncated>0</truncated><difficult>0</difficult><bndbox><xmin>751</xmin><ymin>477</ymin><xmax>762</xmax><ymax>489</ymax></bndbox></object><object><name>face</name><pose>Unspecified</pose><truncated>0</truncated><difficult>0</difficult><bndbox><xmin>780</xmin><ymin>476</ymin><xmax>789</xmax><ymax>486</ymax></bndbox></object><object><name>face</name><pose>Unspecified</pose><truncated>0</truncated><difficult>0</difficult><bndbox><xmin>795</xmin><ymin>482</ymin><xmax>805</xmax><ymax>493</ymax></bndbox></object><object><name>face</name><pose>Unspecified</pose><truncated>0</truncated><difficult>0</difficult><bndbox><xmin>815</xmin><ymin>482</ymin><xmax>821</xmax><ymax>490</ymax></bndbox></object><object><name>face</name><pose>Unspecified</pose><truncated>0</truncated><difficult>0</difficult><bndbox><xmin>826</xmin><ymin>497</ymin><xmax>834</xmax><ymax>507</ymax></bndbox></object><object><name>face</name><pose>Unspecified</pose><truncated>0</truncated><difficult>0</difficult><bndbox><xmin>840</xmin><ymin>491</ymin><xmax>850</xmax><ymax>503</ymax></bndbox></object><object><name>face</name><pose>Unspecified</pose><truncated>0</truncated><difficult>0</difficult><bndbox><xmin>858</xmin><ymin>499</ymin><xmax>867</xmax><ymax>511</ymax></bndbox></object><object><name>face</name><pose>Unspecified</pose><truncated>0</truncated><difficult>0</difficult><bndbox><xmin>906</xmin><ymin>513</ymin><xmax>916</xmax><ymax>525</ymax></bndbox></object><object><name>face</name><pose>Unspecified</pose><truncated>0</truncated><difficult>0</difficult><bndbox><xmin>957</xmin><ymin>503</ymin><xmax>969</xmax><ymax>515</ymax></bndbox></object><object><name>face</name><pose>Unspecified</pose><truncated>0</truncated><difficult>0</difficult><bndbox><xmin>971</xmin><ymin>474</ymin><xmax>981</xmax><ymax>489</ymax></bndbox></object><object><name>face</name><pose>Unspecified</pose><truncated>0</truncated><difficult>0</difficult><bndbox><xmin>864</xmin><ymin>463</ymin><xmax>875</xmax><ymax>477</ymax></bndbox></object><object><name>face</name><pose>Unspecified</pose><truncated>0</truncated><difficult>0</difficult><bndbox><xmin>894</xmin><ymin>494</ymin><xmax>903</xmax><ymax>505</ymax></bndbox></object><object><name>face</name><pose>Unspecified</pose><truncated>0</truncated><difficult>0</difficult><bndbox><xmin>477</xmin><ymin>519</ymin><xmax>488</xmax><ymax>533</ymax></bndbox></object><object><name>face</name><pose>Unspecified</pose><truncated>0</truncated><difficult>0</difficult><bndbox><xmin>500</xmin><ymin>492</ymin><xmax>511</xmax><ymax>505</ymax></bndbox></object><object><name>face</name><pose>Unspecified</pose><truncated>0</truncated><difficult>0</difficult><bndbox><xmin>465</xmin><ymin>494</ymin><xmax>474</xmax><ymax>504</ymax></bndbox></object><object><name>face</name><pose>Unspecified</pose><truncated>0</truncated><difficult>0</difficult><bndbox><xmin>428</xmin><ymin>510</ymin><xmax>439</xmax><ymax>522</ymax></bndbox></object><object><name>face</name><pose>Unspecified</pose><truncated>0</truncated><difficult>0</difficult><bndbox><xmin>400</xmin><ymin>512</ymin><xmax>409</xmax><ymax>522</ymax></bndbox></object><object><name>face</name><pose>Unspecified</pose><truncated>0</truncated><difficult>0</difficult><bndbox><xmin>381</xmin><ymin>495</ymin><xmax>390</xmax><ymax>507</ymax></bndbox></object><object><name>face</name><pose>Unspecified</pose><truncated>0</truncated><difficult>0</difficult><bndbox><xmin>399</xmin><ymin>472</ymin><xmax>409</xmax><ymax>484</ymax></bndbox></object><object><name>face</name><pose>Unspecified</pose><truncated>0</truncated><difficult>0</difficult><bndbox><xmin>432</xmin><ymin>463</ymin><xmax>439</xmax><ymax>473</ymax></bndbox></object><object><name>face</name><pose>Unspecified</pose><truncated>0</truncated><difficult>0</difficult><bndbox><xmin>398</xmin><ymin>461</ymin><xmax>406</xmax><ymax>470</ymax></bndbox></object><object><name>face</name><pose>Unspecified</pose><truncated>0</truncated><difficult>0</difficult><bndbox><xmin>547</xmin><ymin>493</ymin><xmax>556</xmax><ymax>503</ymax></bndbox></object><object><name>face</name><pose>Unspecified</pose><truncated>0</truncated><difficult>0</difficult><bndbox><xmin>485</xmin><ymin>478</ymin><xmax>494</xmax><ymax>490</ymax></bndbox></object><object><name>face</name><pose>Unspecified</pose><truncated>0</truncated><difficult>0</difficult><bndbox><xmin>457</xmin><ymin>470</ymin><xmax>465</xmax><ymax>480</ymax></bndbox></object><object><name>face</name><pose>Unspecified</pose><truncated>0</truncated><difficult>0</difficult><bndbox><xmin>493</xmin><ymin>469</ymin><xmax>501</xmax><ymax>478</ymax></bndbox></object><object><name>face</name><pose>Unspecified</pose><truncated>0</truncated><difficult>0</difficult><bndbox><xmin>388</xmin><ymin>455</ymin><xmax>395</xmax><ymax>465</ymax></bndbox></object><object><name>face</name><pose>Unspecified</pose><truncated>0</truncated><difficult>0</difficult><bndbox><xmin>376</xmin><ymin>455</ymin><xmax>385</xmax><ymax>465</ymax></bndbox></object><object><name>face</name><pose>Unspecified</pose><truncated>0</truncated><difficult>0</difficult><bndbox><xmin>349</xmin><ymin>487</ymin><xmax>356</xmax><ymax>497</ymax></bndbox></object><object><name>face</name><pose>Unspecified</pose><truncated>0</truncated><difficult>0</difficult><bndbox><xmin>327</xmin><ymin>532</ymin><xmax>336</xmax><ymax>542</ymax></bndbox></object><object><name>face</name><pose>Unspecified</pose><truncated>0</truncated><difficult>0</difficult><bndbox><xmin>304</xmin><ymin>475</ymin><xmax>315</xmax><ymax>487</ymax></bndbox></object><object><name>face</name><pose>Unspecified</pose><truncated>0</truncated><difficult>0</difficult><bndbox><xmin>315</xmin><ymin>446</ymin><xmax>323</xmax><ymax>456</ymax></bndbox></object><object><name>face</name><pose>Unspecified</pose><truncated>0</truncated><difficult>0</difficult><bndbox><xmin>288</xmin><ymin>452</ymin><xmax>295</xmax><ymax>462</ymax></bndbox></object><object><name>face</name><pose>Unspecified</pose><truncated>0</truncated><difficult>0</difficult><bndbox><xmin>267</xmin><ymin>454</ymin><xmax>275</xmax><ymax>463</ymax></bndbox></object><object><name>face</name><pose>Unspecified</pose><truncated>0</truncated><difficult>0</difficult><bndbox><xmin>253</xmin><ymin>452</ymin><xmax>261</xmax><ymax>460</ymax></bndbox></object><object><name>face</name><pose>Unspecified</pose><truncated>0</truncated><difficult>0</difficult><bndbox><xmin>250</xmin><ymin>438</ymin><xmax>256</xmax><ymax>447</ymax></bndbox></object><object><name>face</name><pose>Unspecified</pose><truncated>0</truncated><difficult>0</difficult><bndbox><xmin>260</xmin><ymin>436</ymin><xmax>267</xmax><ymax>444</ymax></bndbox></object><object><name>face</name><pose>Unspecified</pose><truncated>0</truncated><difficult>0</difficult><bndbox><xmin>277</xmin><ymin>442</ymin><xmax>283</xmax><ymax>450</ymax></bndbox></object><object><name>face</name><pose>Unspecified</pose><truncated>0</truncated><difficult>0</difficult><bndbox><xmin>276</xmin><ymin>426</ymin><xmax>283</xmax><ymax>434</ymax></bndbox></object><object><name>face</name><pose>Unspecified</pose><truncated>0</truncated><difficult>0</difficult><bndbox><xmin>246</xmin><ymin>478</ymin><xmax>256</xmax><ymax>489</ymax></bndbox></object><object><name>face</name><pose>Unspecified</pose><truncated>0</truncated><difficult>0</difficult><bndbox><xmin>282</xmin><ymin>482</ymin><xmax>290</xmax><ymax>491</ymax></bndbox></object><object><name>face</name><pose>Unspecified</pose><truncated>0</truncated><difficult>0</difficult><bndbox><xmin>220</xmin><ymin>486</ymin><xmax>230</xmax><ymax>497</ymax></bndbox></object><object><name>face</name><pose>Unspecified</pose><truncated>0</truncated><difficult>0</difficult><bndbox><xmin>245</xmin><ymin>537</ymin><xmax>255</xmax><ymax>548</ymax></bndbox></object><object><name>face</name><pose>Unspecified</pose><truncated>0</truncated><difficult>0</difficult><bndbox><xmin>338</xmin><ymin>451</ymin><xmax>344</xmax><ymax>459</ymax></bndbox></object><object><name>face</name><pose>Unspecified</pose><truncated>0</truncated><difficult>0</difficult><bndbox><xmin>389</xmin><ymin>429</ymin><xmax>396</xmax><ymax>438</ymax></bndbox></object><object><name>face</name><pose>Unspecified</pose><truncated>0</truncated><difficult>0</difficult><bndbox><xmin>370</xmin><ymin>447</ymin><xmax>378</xmax><ymax>456</ymax></bndbox></object><object><name>face</name><pose>Unspecified</pose><truncated>0</truncated><difficult>0</difficult><bndbox><xmin>425</xmin><ymin>429</ymin><xmax>432</xmax><ymax>437</ymax></bndbox></object><object><name>face</name><pose>Unspecified</pose><truncated>0</truncated><difficult>0</difficult><bndbox><xmin>366</xmin><ymin>431</ymin><xmax>372</xmax><ymax>439</ymax></bndbox></object><object><name>face</name><pose>Unspecified</pose><truncated>0</truncated><difficult>0</difficult><bndbox><xmin>231</xmin><ymin>458</ymin><xmax>239</xmax><ymax>468</ymax></bndbox></object><object><name>face</name><pose>Unspecified</pose><truncated>0</truncated><difficult>0</difficult><bndbox><xmin>236</xmin><ymin>437</ymin><xmax>245</xmax><ymax>447</ymax></bndbox></object><object><name>face</name><pose>Unspecified</pose><truncated>0</truncated><difficult>0</difficult><bndbox><xmin>220</xmin><ymin>441</ymin><xmax>227</xmax><ymax>450</ymax></bndbox></object><object><name>face</name><pose>Unspecified</pose><truncated>0</truncated><difficult>0</difficult><bndbox><xmin>198</xmin><ymin>518</ymin><xmax>208</xmax><ymax>529</ymax></bndbox></object><object><name>face</name><pose>Unspecified</pose><truncated>0</truncated><difficult>0</difficult><bndbox><xmin>160</xmin><ymin>495</ymin><xmax>168</xmax><ymax>504</ymax></bndbox></object><object><name>face</name><pose>Unspecified</pose><truncated>0</truncated><difficult>0</difficult><bndbox><xmin>148</xmin><ymin>494</ymin><xmax>155</xmax><ymax>502</ymax></bndbox></object><object><name>face</name><pose>Unspecified</pose><truncated>0</truncated><difficult>0</difficult><bndbox><xmin>129</xmin><ymin>504</ymin><xmax>137</xmax><ymax>513</ymax></bndbox></object><object><name>face</name><pose>Unspecified</pose><truncated>0</truncated><difficult>0</difficult><bndbox><xmin>106</xmin><ymin>509</ymin><xmax>114</xmax><ymax>519</ymax></bndbox></object><object><name>face</name><pose>Unspecified</pose><truncated>0</truncated><difficult>0</difficult><bndbox><xmin>176</xmin><ymin>454</ymin><xmax>184</xmax><ymax>464</ymax></bndbox></object><object><name>face</name><pose>Unspecified</pose><truncated>0</truncated><difficult>0</difficult><bndbox><xmin>200</xmin><ymin>457</ymin><xmax>208</xmax><ymax>468</ymax></bndbox></object><object><name>face</name><pose>Unspecified</pose><truncated>0</truncated><difficult>0</difficult><bndbox><xmin>205</xmin><ymin>440</ymin><xmax>212</xmax><ymax>448</ymax></bndbox></object><object><name>face</name><pose>Unspecified</pose><truncated>0</truncated><difficult>0</difficult><bndbox><xmin>186</xmin><ymin>439</ymin><xmax>193</xmax><ymax>448</ymax></bndbox></object><object><name>face</name><pose>Unspecified</pose><truncated>0</truncated><difficult>0</difficult><bndbox><xmin>170</xmin><ymin>440</ymin><xmax>177</xmax><ymax>447</ymax></bndbox></object><object><name>face</name><pose>Unspecified</pose><truncated>0</truncated><difficult>0</difficult><bndbox><xmin>163</xmin><ymin>452</ymin><xmax>170</xmax><ymax>460</ymax></bndbox></object><object><name>face</name><pose>Unspecified</pose><truncated>0</truncated><difficult>0</difficult><bndbox><xmin>150</xmin><ymin>456</ymin><xmax>158</xmax><ymax>465</ymax></bndbox></object><object><name>face</name><pose>Unspecified</pose><truncated>0</truncated><difficult>0</difficult><bndbox><xmin>132</xmin><ymin>444</ymin><xmax>140</xmax><ymax>454</ymax></bndbox></object><object><name>face</name><pose>Unspecified</pose><truncated>0</truncated><difficult>0</difficult><bndbox><xmin>151</xmin><ymin>439</ymin><xmax>158</xmax><ymax>447</ymax></bndbox></object><object><name>face</name><pose>Unspecified</pose><truncated>0</truncated><difficult>0</difficult><bndbox><xmin>167</xmin><ymin>432</ymin><xmax>173</xmax><ymax>437</ymax></bndbox></object><object><name>face</name><pose>Unspecified</pose><truncated>0</truncated><difficult>0</difficult><bndbox><xmin>139</xmin><ymin>434</ymin><xmax>146</xmax><ymax>441</ymax></bndbox></object><object><name>face</name><pose>Unspecified</pose><truncated>0</truncated><difficult>0</difficult><bndbox><xmin>95</xmin><ymin>465</ymin><xmax>103</xmax><ymax>475</ymax></bndbox></object><object><name>face</name><pose>Unspecified</pose><truncated>0</truncated><difficult>0</difficult><bndbox><xmin>116</xmin><ymin>460</ymin><xmax>124</xmax><ymax>470</ymax></bndbox></object><object><name>face</name><pose>Unspecified</pose><truncated>0</truncated><difficult>0</difficult><bndbox><xmin>175</xmin><ymin>419</ymin><xmax>182</xmax><ymax>427</ymax></bndbox></object><object><name>face</name><pose>Unspecified</pose><truncated>0</truncated><difficult>0</difficult><bndbox><xmin>197</xmin><ymin>429</ymin><xmax>202</xmax><ymax>436</ymax></bndbox></object><object><name>face</name><pose>Unspecified</pose><truncated>0</truncated><difficult>0</difficult><bndbox><xmin>206</xmin><ymin>392</ymin><xmax>213</xmax><ymax>399</ymax></bndbox></object><object><name>face</name><pose>Unspecified</pose><truncated>0</truncated><difficult>0</difficult><bndbox><xmin>219</xmin><ymin>390</ymin><xmax>224</xmax><ymax>397</ymax></bndbox></object><object><name>face</name><pose>Unspecified</pose><truncated>0</truncated><difficult>0</difficult><bndbox><xmin>249</xmin><ymin>354</ymin><xmax>261</xmax><ymax>368</ymax></bndbox></object><object><name>face</name><pose>Unspecified</pose><truncated>0</truncated><difficult>0</difficult><bndbox><xmin>149</xmin><ymin>401</ymin><xmax>157</xmax><ymax>410</ymax></bndbox></object><object><name>face</name><pose>Unspecified</pose><truncated>0</truncated><difficult>0</difficult><bndbox><xmin>127</xmin><ymin>391</ymin><xmax>136</xmax><ymax>401</ymax></bndbox></object><object><name>face</name><pose>Unspecified</pose><truncated>0</truncated><difficult>0</difficult><bndbox><xmin>108</xmin><ymin>393</ymin><xmax>115</xmax><ymax>402</ymax></bndbox></object><object><name>face</name><pose>Unspecified</pose><truncated>0</truncated><difficult>0</difficult><bndbox><xmin>820</xmin><ymin>386</ymin><xmax>828</xmax><ymax>397</ymax></bndbox></object><object><name>face</name><pose>Unspecified</pose><truncated>0</truncated><difficult>0</difficult><bndbox><xmin>807</xmin><ymin>371</ymin><xmax>814</xmax><ymax>378</ymax></bndbox></object><object><name>face</name><pose>Unspecified</pose><truncated>0</truncated><difficult>0</difficult><bndbox><xmin>776</xmin><ymin>383</ymin><xmax>782</xmax><ymax>391</ymax></bndbox></object><object><name>face</name><pose>Unspecified</pose><truncated>0</truncated><difficult>0</difficult><bndbox><xmin>758</xmin><ymin>385</ymin><xmax>765</xmax><ymax>393</ymax></bndbox></object><object><name>face</name><pose>Unspecified</pose><truncated>0</truncated><difficult>0</difficult><bndbox><xmin>756</xmin><ymin>368</ymin><xmax>762</xmax><ymax>374</ymax></bndbox></object><object><name>face</name><pose>Unspecified</pose><truncated>0</truncated><difficult>0</difficult><bndbox><xmin>740</xmin><ymin>390</ymin><xmax>746</xmax><ymax>397</ymax></bndbox></object><object><name>face</name><pose>Unspecified</pose><truncated>0</truncated><difficult>0</difficult><bndbox><xmin>722</xmin><ymin>391</ymin><xmax>727</xmax><ymax>397</ymax></bndbox></object><object><name>face</name><pose>Unspecified</pose><truncated>0</truncated><difficult>0</difficult><bndbox><xmin>757</xmin><ymin>428</ymin><xmax>765</xmax><ymax>439</ymax></bndbox></object><object><name>face</name><pose>Unspecified</pose><truncated>0</truncated><difficult>0</difficult><bndbox><xmin>734</xmin><ymin>429</ymin><xmax>742</xmax><ymax>438</ymax></bndbox></object><object><name>face</name><pose>Unspecified</pose><truncated>0</truncated><difficult>0</difficult><bndbox><xmin>702</xmin><ymin>377</ymin><xmax>707</xmax><ymax>385</ymax></bndbox></object><object><name>face</name><pose>Unspecified</pose><truncated>0</truncated><difficult>0</difficult><bndbox><xmin>702</xmin><ymin>355</ymin><xmax>707</xmax><ymax>360</ymax></bndbox></object><object><name>face</name><pose>Unspecified</pose><truncated>0</truncated><difficult>0</difficult><bndbox><xmin>670</xmin><ymin>390</ymin><xmax>678</xmax><ymax>398</ymax></bndbox></object><object><name>face</name><pose>Unspecified</pose><truncated>0</truncated><difficult>0</difficult><bndbox><xmin>692</xmin><ymin>387</ymin><xmax>697</xmax><ymax>395</ymax></bndbox></object><object><name>face</name><pose>Unspecified</pose><truncated>0</truncated><difficult>0</difficult><bndbox><xmin>657</xmin><ymin>386</ymin><xmax>663</xmax><ymax>393</ymax></bndbox></object><object><name>face</name><pose>Unspecified</pose><truncated>0</truncated><difficult>0</difficult><bndbox><xmin>646</xmin><ymin>394</ymin><xmax>652</xmax><ymax>400</ymax></bndbox></object><object><name>face</name><pose>Unspecified</pose><truncated>0</truncated><difficult>0</difficult><bndbox><xmin>650</xmin><ymin>362</ymin><xmax>656</xmax><ymax>369</ymax></bndbox></object><object><name>face</name><pose>Unspecified</pose><truncated>0</truncated><difficult>0</difficult><bndbox><xmin>628</xmin><ymin>360</ymin><xmax>634</xmax><ymax>368</ymax></bndbox></object><object><name>face</name><pose>Unspecified</pose><truncated>0</truncated><difficult>0</difficult><bndbox><xmin>618</xmin><ymin>365</ymin><xmax>624</xmax><ymax>374</ymax></bndbox></object><object><name>face</name><pose>Unspecified</pose><truncated>0</truncated><difficult>0</difficult><bndbox><xmin>603</xmin><ymin>363</ymin><xmax>609</xmax><ymax>370</ymax></bndbox></object><object><name>face</name><pose>Unspecified</pose><truncated>0</truncated><difficult>0</difficult><bndbox><xmin>597</xmin><ymin>352</ymin><xmax>604</xmax><ymax>360</ymax></bndbox></object><object><name>face</name><pose>Unspecified</pose><truncated>0</truncated><difficult>0</difficult><bndbox><xmin>579</xmin><ymin>365</ymin><xmax>584</xmax><ymax>372</ymax></bndbox></object><object><name>face</name><pose>Unspecified</pose><truncated>0</truncated><difficult>0</difficult><bndbox><xmin>541</xmin><ymin>375</ymin><xmax>545</xmax><ymax>381</ymax></bndbox></object><object><name>face</name><pose>Unspecified</pose><truncated>0</truncated><difficult>0</difficult><bndbox><xmin>556</xmin><ymin>359</ymin><xmax>561</xmax><ymax>366</ymax></bndbox></object><object><name>face</name><pose>Unspecified</pose><truncated>0</truncated><difficult>0</difficult><bndbox><xmin>572</xmin><ymin>354</ymin><xmax>576</xmax><ymax>360</ymax></bndbox></object><object><name>face</name><pose>Unspecified</pose><truncated>0</truncated><difficult>0</difficult><bndbox><xmin>539</xmin><ymin>358</ymin><xmax>544</xmax><ymax>365</ymax></bndbox></object><object><name>face</name><pose>Unspecified</pose><truncated>0</truncated><difficult>0</difficult><bndbox><xmin>516</xmin><ymin>375</ymin><xmax>521</xmax><ymax>382</ymax></bndbox></object><object><name>face</name><pose>Unspecified</pose><truncated>0</truncated><difficult>0</difficult><bndbox><xmin>513</xmin><ymin>356</ymin><xmax>518</xmax><ymax>362</ymax></bndbox></object><object><name>face</name><pose>Unspecified</pose><truncated>0</truncated><difficult>0</difficult><bndbox><xmin>531</xmin><ymin>354</ymin><xmax>535</xmax><ymax>360</ymax></bndbox></object><object><name>face</name><pose>Unspecified</pose><truncated>0</truncated><difficult>0</difficult><bndbox><xmin>533</xmin><ymin>388</ymin><xmax>539</xmax><ymax>396</ymax></bndbox></object><object><name>face</name><pose>Unspecified</pose><truncated>0</truncated><difficult>0</difficult><bndbox><xmin>546</xmin><ymin>395</ymin><xmax>551</xmax><ymax>403</ymax></bndbox></object><object><name>face</name><pose>Unspecified</pose><truncated>0</truncated><difficult>0</difficult><bndbox><xmin>287</xmin><ymin>370</ymin><xmax>292</xmax><ymax>375</ymax></bndbox></object><object><name>face</name><pose>Unspecified</pose><truncated>0</truncated><difficult>0</difficult><bndbox><xmin>309</xmin><ymin>368</ymin><xmax>314</xmax><ymax>375</ymax></bndbox></object><object><name>face</name><pose>Unspecified</pose><truncated>0</truncated><difficult>0</difficult><bndbox><xmin>329</xmin><ymin>365</ymin><xmax>335</xmax><ymax>372</ymax></bndbox></object><object><name>face</name><pose>Unspecified</pose><truncated>0</truncated><difficult>0</difficult><bndbox><xmin>343</xmin><ymin>359</ymin><xmax>347</xmax><ymax>366</ymax></bndbox></object><object><name>face</name><pose>Unspecified</pose><truncated>0</truncated><difficult>0</difficult><bndbox><xmin>297</xmin><ymin>414</ymin><xmax>303</xmax><ymax>421</ymax></bndbox></object><object><name>face</name><pose>Unspecified</pose><truncated>0</truncated><difficult>0</difficult><bndbox><xmin>313</xmin><ymin>419</ymin><xmax>318</xmax><ymax>426</ymax></bndbox></object><object><name>face</name><pose>Unspecified</pose><truncated>0</truncated><difficult>0</difficult><bndbox><xmin>304</xmin><ymin>428</ymin><xmax>311</xmax><ymax>435</ymax></bndbox></object><object><name>face</name><pose>Unspecified</pose><truncated>0</truncated><difficult>0</difficult><bndbox><xmin>272</xmin><ymin>411</ymin><xmax>278</xmax><ymax>418</ymax></bndbox></object><object><name>face</name><pose>Unspecified</pose><truncated>0</truncated><difficult>0</difficult><bndbox><xmin>186</xmin><ymin>392</ymin><xmax>193</xmax><ymax>399</ymax></bndbox></object><object><name>face</name><pose>Unspecified</pose><truncated>0</truncated><difficult>0</difficult><bndbox><xmin>207</xmin><ymin>419</ymin><xmax>213</xmax><ymax>426</ymax></bndbox></object><object><name>face</name><pose>Unspecified</pose><truncated>0</truncated><difficult>0</difficult><bndbox><xmin>487</xmin><ymin>397</ymin><xmax>491</xmax><ymax>403</ymax></bndbox></object><object><name>face</name><pose>Unspecified</pose><truncated>0</truncated><difficult>0</difficult><bndbox><xmin>448</xmin><ymin>402</ymin><xmax>453</xmax><ymax>408</ymax></bndbox></object><object><name>face</name><pose>Unspecified</pose><truncated>0</truncated><difficult>0</difficult><bndbox><xmin>402</xmin><ymin>400</ymin><xmax>408</xmax><ymax>408</ymax></bndbox></object><object><name>face</name><pose>Unspecified</pose><truncated>0</truncated><difficult>0</difficult><bndbox><xmin>410</xmin><ymin>430</ymin><xmax>416</xmax><ymax>436</ymax></bndbox></object><object><name>face</name><pose>Unspecified</pose><truncated>0</truncated><difficult>0</difficult><bndbox><xmin>460</xmin><ymin>352</ymin><xmax>465</xmax><ymax>358</ymax></bndbox></object><object><name>face</name><pose>Unspecified</pose><truncated>0</truncated><difficult>0</difficult><bndbox><xmin>473</xmin><ymin>351</ymin><xmax>477</xmax><ymax>358</ymax></bndbox></object><object><name>face</name><pose>Unspecified</pose><truncated>0</truncated><difficult>0</difficult><bndbox><xmin>443</xmin><ymin>353</ymin><xmax>448</xmax><ymax>359</ymax></bndbox></object><object><name>face</name><pose>Unspecified</pose><truncated>0</truncated><difficult>0</difficult><bndbox><xmin>428</xmin><ymin>353</ymin><xmax>432</xmax><ymax>359</ymax></bndbox></object><object><name>face</name><pose>Unspecified</pose><truncated>0</truncated><difficult>0</difficult><bndbox><xmin>435</xmin><ymin>353</ymin><xmax>439</xmax><ymax>358</ymax></bndbox></object><object><name>face</name><pose>Unspecified</pose><truncated>0</truncated><difficult>0</difficult><bndbox><xmin>482</xmin><ymin>356</ymin><xmax>487</xmax><ymax>362</ymax></bndbox></object><object><name>face</name><pose>Unspecified</pose><truncated>0</truncated><difficult>0</difficult><bndbox><xmin>499</xmin><ymin>356</ymin><xmax>503</xmax><ymax>362</ymax></bndbox></object><object><name>face</name><pose>Unspecified</pose><truncated>0</truncated><difficult>0</difficult><bndbox><xmin>296</xmin><ymin>368</ymin><xmax>302</xmax><ymax>375</ymax></bndbox></object><object><name>face</name><pose>Unspecified</pose><truncated>0</truncated><difficult>0</difficult><bndbox><xmin>368</xmin><ymin>353</ymin><xmax>374</xmax><ymax>361</ymax></bndbox></object><object><name>face</name><pose>Unspecified</pose><truncated>0</truncated><difficult>0</difficult><bndbox><xmin>170</xmin><ymin>393</ymin><xmax>177</xmax><ymax>401</ymax></bndbox></object><object><name>face</name><pose>Unspecified</pose><truncated>0</truncated><difficult>0</difficult><bndbox><xmin>163</xmin><ymin>391</ymin><xmax>170</xmax><ymax>403</ymax></bndbox></object><object><name>face</name><pose>Unspecified</pose><truncated>0</truncated><difficult>0</difficult><bndbox><xmin>207</xmin><ymin>379</ymin><xmax>212</xmax><ymax>386</ymax></bndbox></object><object><name>face</name><pose>Unspecified</pose><truncated>0</truncated><difficult>0</difficult><bndbox><xmin>703</xmin><ymin>470</ymin><xmax>710</xmax><ymax>478</ymax></bndbox></object><object><name>face</name><pose>Unspecified</pose><truncated>0</truncated><difficult>0</difficult><bndbox><xmin>811</xmin><ymin>501</ymin><xmax>817</xmax><ymax>509</ymax></bndbox></object><object><name>face</name><pose>Unspecified</pose><truncated>0</truncated><difficult>0</difficult><bndbox><xmin>828</xmin><ymin>515</ymin><xmax>835</xmax><ymax>523</ymax></bndbox></object><object><name>face</name><pose>Unspecified</pose><truncated>0</truncated><difficult>0</difficult><bndbox><xmin>473</xmin><ymin>589</ymin><xmax>486</xmax><ymax>602</ymax></bndbox></object><object><name>face</name><pose>Unspecified</pose><truncated>0</truncated><difficult>0</difficult><bndbox><xmin>614</xmin><ymin>418</ymin><xmax>627</xmax><ymax>437</ymax></bndbox></object><object><name>face</name><pose>Unspecified</pose><truncated>0</truncated><difficult>0</difficult><bndbox><xmin>79</xmin><ymin>469</ymin><xmax>87</xmax><ymax>477</ymax></bndbox></object><object><name>face</name><pose>Unspecified</pose><truncated>0</truncated><difficult>0</difficult><bndbox><xmin>94</xmin><ymin>421</ymin><xmax>99</xmax><ymax>427</ymax></bndbox></object><object><name>face</name><pose>Unspecified</pose><truncated>0</truncated><difficult>0</difficult><bndbox><xmin>131</xmin><ymin>420</ymin><xmax>139</xmax><ymax>432</ymax></bndbox></object><object><name>face</name><pose>Unspecified</pose><truncated>0</truncated><difficult>0</difficult><bndbox><xmin>100</xmin><ymin>425</ymin><xmax>107</xmax><ymax>435</ymax></bndbox></object><object><name>face</name><pose>Unspecified</pose><truncated>0</truncated><difficult>0</difficult><bndbox><xmin>92</xmin><ymin>434</ymin><xmax>98</xmax><ymax>442</ymax></bndbox></object><object><name>face</name><pose>Unspecified</pose><truncated>0</truncated><difficult>0</difficult><bndbox><xmin>83</xmin><ymin>434</ymin><xmax>90</xmax><ymax>443</ymax></bndbox></object><object><name>face</name><pose>Unspecified</pose><truncated>0</truncated><difficult>0</difficult><bndbox><xmin>98</xmin><ymin>443</ymin><xmax>106</xmax><ymax>452</ymax></bndbox></object><object><name>face</name><pose>Unspecified</pose><truncated>0</truncated><difficult>0</difficult><bndbox><xmin>123</xmin><ymin>437</ymin><xmax>131</xmax><ymax>448</ymax></bndbox></object><object><name>face</name><pose>Unspecified</pose><truncated>0</truncated><difficult>0</difficult><bndbox><xmin>119</xmin><ymin>450</ymin><xmax>127</xmax><ymax>458</ymax></bndbox></object><object><name>face</name><pose>Unspecified</pose><truncated>0</truncated><difficult>0</difficult><bndbox><xmin>82</xmin><ymin>397</ymin><xmax>90</xmax><ymax>407</ymax></bndbox></object><object><name>face</name><pose>Unspecified</pose><truncated>0</truncated><difficult>0</difficult><bndbox><xmin>317</xmin><ymin>366</ymin><xmax>325</xmax><ymax>375</ymax></bndbox></object><object><name>face</name><pose>Unspecified</pose><truncated>0</truncated><difficult>0</difficult><bndbox><xmin>459</xmin><ymin>423</ymin><xmax>466</xmax><ymax>434</ymax></bndbox></object><object><name>face</name><pose>Unspecified</pose><truncated>0</truncated><difficult>0</difficult><bndbox><xmin>442</xmin><ymin>508</ymin><xmax>452</xmax><ymax>522</ymax></bndbox></object><object><name>face</name><pose>Unspecified</pose><truncated>0</truncated><difficult>0</difficult><bndbox><xmin>383</xmin><ymin>418</ymin><xmax>394</xmax><ymax>432</ymax></bndbox></object><object><name>face</name><pose>Unspecified</pose><truncated>0</truncated><difficult>0</difficult><bndbox><xmin>293</xmin><ymin>438</ymin><xmax>302</xmax><ymax>448</ymax></bndbox></object><object><name>face</name><pose>Unspecified</pose><truncated>0</truncated><difficult>0</difficult><bndbox><xmin>968</xmin><ymin>439</ymin><xmax>979</xmax><ymax>452</ymax></bndbox></object><object><name>face</name><pose>Unspecified</pose><truncated>0</truncated><difficult>0</difficult><bndbox><xmin>866</xmin><ymin>433</ymin><xmax>875</xmax><ymax>446</ymax></bndbox></object><object><name>face</name><pose>Unspecified</pose><truncated>0</truncated><difficult>0</difficult><bndbox><xmin>928</xmin><ymin>484</ymin><xmax>940</xmax><ymax>498</ymax></bndbox></object><object><name>face</name><pose>Unspecified</pose><truncated>0</truncated><difficult>0</difficult><bndbox><xmin>151</xmin><ymin>416</ymin><xmax>161</xmax><ymax>430</ymax></bndbox></object><object><name>face</name><pose>Unspecified</pose><truncated>0</truncated><difficult>0</difficult><bndbox><xmin>218</xmin><ymin>336</ymin><xmax>224</xmax><ymax>344</ymax></bndbox></object><object><name>face</name><pose>Unspecified</pose><truncated>0</truncated><difficult>0</difficult><bndbox><xmin>278</xmin><ymin>368</ymin><xmax>285</xmax><ymax>376</ymax></bndbox></object><object><name>face</name><pose>Unspecified</pose><truncated>0</truncated><difficult>0</difficult><bndbox><xmin>221</xmin><ymin>365</ymin><xmax>228</xmax><ymax>374</ymax></bndbox></object><object><name>face</name><pose>Unspecified</pose><truncated>0</truncated><difficult>0</difficult><bndbox><xmin>225</xmin><ymin>437</ymin><xmax>234</xmax><ymax>447</ymax></bndbox></object><object><name>face</name><pose>Unspecified</pose><truncated>0</truncated><difficult>0</difficult><bndbox><xmin>306</xmin><ymin>408</ymin><xmax>315</xmax><ymax>417</ymax></bndbox></object><object><name>face</name><pose>Unspecified</pose><truncated>0</truncated><difficult>0</difficult><bndbox><xmin>570</xmin><ymin>398</ymin><xmax>579</xmax><ymax>408</ymax></bndbox></object><object><name>face</name><pose>Unspecified</pose><truncated>0</truncated><difficult>0</difficult><bndbox><xmin>505</xmin><ymin>403</ymin><xmax>513</xmax><ymax>414</ymax></bndbox></object></annotation>