<annotation><folder>2--Demonstration</folder><filename>2_Demonstration_Protesters_2_832.jpg</filename><path>2--Demonstration/2_Demonstration_Protesters_2_832.jpg</path><source><database>Unknown</database></source><size><width>1024</width><height>768</height><depth>3</depth></size><segmented>0</segmented><object><name>face</name><pose>Unspecified</pose><truncated>0</truncated><difficult>0</difficult><bndbox><xmin>907</xmin><ymin>114</ymin><xmax>1013</xmax><ymax>240</ymax></bndbox></object><object><name>face</name><pose>Unspecified</pose><truncated>0</truncated><difficult>0</difficult><bndbox><xmin>770</xmin><ymin>292</ymin><xmax>827</xmax><ymax>369</ymax></bndbox></object><object><name>face</name><pose>Unspecified</pose><truncated>0</truncated><difficult>0</difficult><bndbox><xmin>621</xmin><ymin>290</ymin><xmax>672</xmax><ymax>346</ymax></bndbox></object><object><name>face</name><pose>Unspecified</pose><truncated>0</truncated><difficult>0</difficult><bndbox><xmin>291</xmin><ymin>315</ymin><xmax>333</xmax><ymax>367</ymax></bndbox></object><object><name>face</name><pose>Unspecified</pose><truncated>0</truncated><difficult>0</difficult><bndbox><xmin>154</xmin><ymin>243</ymin><xmax>211</xmax><ymax>319</ymax></bndbox></object><object><name>face</name><pose>Unspecified</pose><truncated>0</truncated><difficult>0</difficult><bndbox><xmin>475</xmin><ymin>341</ymin><xmax>518</xmax><ymax>393</ymax></bndbox></object></annotation>