<annotation><folder>2--Demonstration</folder><filename>2_Demonstration_Demonstrators_2_530.jpg</filename><path>2--Demonstration/2_Demonstration_Demonstrators_2_530.jpg</path><source><database>Unknown</database></source><size><width>1024</width><height>596</height><depth>3</depth></size><segmented>0</segmented><object><name>face</name><pose>Unspecified</pose><truncated>0</truncated><difficult>0</difficult><bndbox><xmin>133</xmin><ymin>430</ymin><xmax>172</xmax><ymax>482</ymax></bndbox></object><object><name>face</name><pose>Unspecified</pose><truncated>0</truncated><difficult>0</difficult><bndbox><xmin>203</xmin><ymin>382</ymin><xmax>271</xmax><ymax>465</ymax></bndbox></object><object><name>face</name><pose>Unspecified</pose><truncated>0</truncated><difficult>0</difficult><bndbox><xmin>317</xmin><ymin>333</ymin><xmax>378</xmax><ymax>401</ymax></bndbox></object><object><name>face</name><pose>Unspecified</pose><truncated>0</truncated><difficult>0</difficult><bndbox><xmin>573</xmin><ymin>164</ymin><xmax>693</xmax><ymax>297</ymax></bndbox></object></annotation>