<annotation><folder>2--Demonstration</folder><filename>2_Demonstration_Demonstration_Or_Protest_2_305.jpg</filename><path>2--Demonstration/2_Demonstration_Demonstration_Or_Protest_2_305.jpg</path><source><database>Unknown</database></source><size><width>1024</width><height>685</height><depth>3</depth></size><segmented>0</segmented><object><name>face</name><pose>Unspecified</pose><truncated>0</truncated><difficult>0</difficult><bndbox><xmin>214</xmin><ymin>14</ymin><xmax>306</xmax><ymax>120</ymax></bndbox></object></annotation>