<annotation><folder>2--Demonstration</folder><filename>2_Demonstration_Demonstrators_2_610.jpg</filename><path>2--Demonstration/2_Demonstration_Demonstrators_2_610.jpg</path><source><database>Unknown</database></source><size><width>1024</width><height>808</height><depth>3</depth></size><segmented>0</segmented><object><name>face</name><pose>Unspecified</pose><truncated>0</truncated><difficult>0</difficult><bndbox><xmin>100</xmin><ymin>364</ymin><xmax>170</xmax><ymax>446</ymax></bndbox></object><object><name>face</name><pose>Unspecified</pose><truncated>0</truncated><difficult>0</difficult><bndbox><xmin>480</xmin><ymin>334</ymin><xmax>538</xmax><ymax>420</ymax></bndbox></object><object><name>face</name><pose>Unspecified</pose><truncated>0</truncated><difficult>0</difficult><bndbox><xmin>782</xmin><ymin>382</ymin><xmax>842</xmax><ymax>456</ymax></bndbox></object></annotation>