<annotation><folder>30--Surgeons</folder><filename>30_Surgeons_Surgeons_30_2.jpg</filename><path>30--Surgeons/30_Surgeons_Surgeons_30_2.jpg</path><source><database>Unknown</database></source><size><width>1024</width><height>720</height><depth>3</depth></size><segmented>0</segmented><object><name>face</name><pose>Unspecified</pose><truncated>0</truncated><difficult>0</difficult><bndbox><xmin>174</xmin><ymin>202</ymin><xmax>257</xmax><ymax>302</ymax></bndbox></object><object><name>face</name><pose>Unspecified</pose><truncated>0</truncated><difficult>0</difficult><bndbox><xmin>260</xmin><ymin>225</ymin><xmax>310</xmax><ymax>285</ymax></bndbox></object><object><name>face</name><pose>Unspecified</pose><truncated>0</truncated><difficult>0</difficult><bndbox><xmin>419</xmin><ymin>152</ymin><xmax>494</xmax><ymax>239</ymax></bndbox></object><object><name>face</name><pose>Unspecified</pose><truncated>0</truncated><difficult>0</difficult><bndbox><xmin>558</xmin><ymin>151</ymin><xmax>651</xmax><ymax>256</ymax></bndbox></object><object><name>face</name><pose>Unspecified</pose><truncated>0</truncated><difficult>0</difficult><bndbox><xmin>782</xmin><ymin>175</ymin><xmax>897</xmax><ymax>327</ymax></bndbox></object></annotation>