<annotation><folder>31--Waiter_Waitress</folder><filename>31_Waiter_Waitress_Waiter_Waitress_31_843.jpg</filename><path>31--Waiter_Waitress/31_Waiter_Waitress_Waiter_Waitress_31_843.jpg</path><source><database>Unknown</database></source><size><width>1024</width><height>1366</height><depth>3</depth></size><segmented>0</segmented><object><name>face</name><pose>Unspecified</pose><truncated>0</truncated><difficult>0</difficult><bndbox><xmin>33</xmin><ymin>333</ymin><xmax>48</xmax><ymax>349</ymax></bndbox></object><object><name>face</name><pose>Unspecified</pose><truncated>0</truncated><difficult>0</difficult><bndbox><xmin>876</xmin><ymin>517</ymin><xmax>909</xmax><ymax>578</ymax></bndbox></object><object><name>face</name><pose>Unspecified</pose><truncated>0</truncated><difficult>0</difficult><bndbox><xmin>735</xmin><ymin>483</ymin><xmax>773</xmax><ymax>537</ymax></bndbox></object><object><name>face</name><pose>Unspecified</pose><truncated>0</truncated><difficult>0</difficult><bndbox><xmin>680</xmin><ymin>257</ymin><xmax>707</xmax><ymax>291</ymax></bndbox></object><object><name>face</name><pose>Unspecified</pose><truncated>0</truncated><difficult>0</difficult><bndbox><xmin>781</xmin><ymin>291</ymin><xmax>804</xmax><ymax>316</ymax></bndbox></object><object><name>face</name><pose>Unspecified</pose><truncated>0</truncated><difficult>0</difficult><bndbox><xmin>911</xmin><ymin>283</ymin><xmax>927</xmax><ymax>310</ymax></bndbox></object><object><name>face</name><pose>Unspecified</pose><truncated>0</truncated><difficult>0</difficult><bndbox><xmin>725</xmin><ymin>304</ymin><xmax>742</xmax><ymax>328</ymax></bndbox></object><object><name>face</name><pose>Unspecified</pose><truncated>0</truncated><difficult>0</difficult><bndbox><xmin>714</xmin><ymin>305</ymin><xmax>722</xmax><ymax>333</ymax></bndbox></object><object><name>face</name><pose>Unspecified</pose><truncated>0</truncated><difficult>0</difficult><bndbox><xmin>363</xmin><ymin>286</ymin><xmax>531</xmax><ymax>488</ymax></bndbox></object><object><name>face</name><pose>Unspecified</pose><truncated>0</truncated><difficult>0</difficult><bndbox><xmin>91</xmin><ymin>333</ymin><xmax>111</xmax><ymax>354</ymax></bndbox></object></annotation>