<annotation><folder>31--Waiter_Waitress</folder><filename>31_Waiter_Waitress_Waiter_Waitress_31_908.jpg</filename><path>31--Waiter_Waitress/31_Waiter_Waitress_Waiter_Waitress_31_908.jpg</path><source><database>Unknown</database></source><size><width>1024</width><height>1432</height><depth>3</depth></size><segmented>0</segmented><object><name>face</name><pose>Unspecified</pose><truncated>0</truncated><difficult>0</difficult><bndbox><xmin>635</xmin><ymin>428</ymin><xmax>811</xmax><ymax>655</ymax></bndbox></object><object><name>face</name><pose>Unspecified</pose><truncated>0</truncated><difficult>0</difficult><bndbox><xmin>246</xmin><ymin>260</ymin><xmax>436</xmax><ymax>506</ymax></bndbox></object></annotation>