<annotation><folder>31--Waiter_Waitress</folder><filename>31_Waiter_Waitress_Waiter_Waitress_31_622.jpg</filename><path>31--Waiter_Waitress/31_Waiter_Waitress_Waiter_Waitress_31_622.jpg</path><source><database>Unknown</database></source><size><width>1024</width><height>1581</height><depth>3</depth></size><segmented>0</segmented><object><name>face</name><pose>Unspecified</pose><truncated>0</truncated><difficult>0</difficult><bndbox><xmin>364</xmin><ymin>179</ymin><xmax>500</xmax><ymax>370</ymax></bndbox></object></annotation>