<annotation><folder>31--Waiter_Waitress</folder><filename>31_Waiter_Waitress_Waiter_Waitress_31_504.jpg</filename><path>31--Waiter_Waitress/31_Waiter_Waitress_Waiter_Waitress_31_504.jpg</path><source><database>Unknown</database></source><size><width>1024</width><height>1535</height><depth>3</depth></size><segmented>0</segmented><object><name>face</name><pose>Unspecified</pose><truncated>0</truncated><difficult>0</difficult><bndbox><xmin>413</xmin><ymin>126</ymin><xmax>632</xmax><ymax>381</ymax></bndbox></object></annotation>