<annotation><folder>32--Worker_Laborer</folder><filename>32_Worker_Laborer_Worker_Laborer_32_827.jpg</filename><path>32--Worker_Laborer/32_Worker_Laborer_Worker_Laborer_32_827.jpg</path><source><database>Unknown</database></source><size><width>1024</width><height>648</height><depth>3</depth></size><segmented>0</segmented><object><name>face</name><pose>Unspecified</pose><truncated>0</truncated><difficult>0</difficult><bndbox><xmin>896</xmin><ymin>336</ymin><xmax>922</xmax><ymax>371</ymax></bndbox></object></annotation>