<annotation><folder>32--Worker_Laborer</folder><filename>32_Worker_Laborer_Worker_Laborer_32_288.jpg</filename><path>32--Worker_Laborer/32_Worker_Laborer_Worker_Laborer_32_288.jpg</path><source><database>Unknown</database></source><size><width>1024</width><height>717</height><depth>3</depth></size><segmented>0</segmented><object><name>face</name><pose>Unspecified</pose><truncated>0</truncated><difficult>0</difficult><bndbox><xmin>206</xmin><ymin>172</ymin><xmax>276</xmax><ymax>274</ymax></bndbox></object><object><name>face</name><pose>Unspecified</pose><truncated>0</truncated><difficult>0</difficult><bndbox><xmin>650</xmin><ymin>58</ymin><xmax>720</xmax><ymax>166</ymax></bndbox></object></annotation>