<annotation><folder>32--Worker_Laborer</folder><filename>32_Worker_Laborer_Worker_Laborer_32_848.jpg</filename><path>32--Worker_Laborer/32_Worker_Laborer_Worker_Laborer_32_848.jpg</path><source><database>Unknown</database></source><size><width>1024</width><height>667</height><depth>3</depth></size><segmented>0</segmented><object><name>face</name><pose>Unspecified</pose><truncated>0</truncated><difficult>0</difficult><bndbox><xmin>458</xmin><ymin>120</ymin><xmax>560</xmax><ymax>202</ymax></bndbox></object></annotation>