<annotation><folder>32--Worker_Laborer</folder><filename>32_Worker_Laborer_Worker_Laborer_32_424.jpg</filename><path>32--Worker_Laborer/32_Worker_Laborer_Worker_Laborer_32_424.jpg</path><source><database>Unknown</database></source><size><width>1024</width><height>581</height><depth>3</depth></size><segmented>0</segmented><object><name>face</name><pose>Unspecified</pose><truncated>0</truncated><difficult>0</difficult><bndbox><xmin>188</xmin><ymin>70</ymin><xmax>366</xmax><ymax>326</ymax></bndbox></object></annotation>