<annotation><folder>32--Worker_Laborer</folder><filename>32_Worker_Laborer_Worker_Laborer_32_329.jpg</filename><path>32--Worker_Laborer/32_Worker_Laborer_Worker_Laborer_32_329.jpg</path><source><database>Unknown</database></source><size><width>1024</width><height>714</height><depth>3</depth></size><segmented>0</segmented><object><name>face</name><pose>Unspecified</pose><truncated>0</truncated><difficult>0</difficult><bndbox><xmin>592</xmin><ymin>94</ymin><xmax>621</xmax><ymax>127</ymax></bndbox></object></annotation>