<annotation><folder>34--Baseball</folder><filename>34_Baseball_Baseball_34_501.jpg</filename><path>34--Baseball/34_Baseball_Baseball_34_501.jpg</path><source><database>Unknown</database></source><size><width>1024</width><height>683</height><depth>3</depth></size><segmented>0</segmented><object><name>face</name><pose>Unspecified</pose><truncated>0</truncated><difficult>0</difficult><bndbox><xmin>322</xmin><ymin>324</ymin><xmax>394</xmax><ymax>422</ymax></bndbox></object><object><name>face</name><pose>Unspecified</pose><truncated>0</truncated><difficult>0</difficult><bndbox><xmin>450</xmin><ymin>260</ymin><xmax>584</xmax><ymax>378</ymax></bndbox></object></annotation>