<annotation><folder>34--Baseball</folder><filename>34_Baseball_Baseball_34_872.jpg</filename><path>34--Baseball/34_Baseball_Baseball_34_872.jpg</path><source><database>Unknown</database></source><size><width>1024</width><height>682</height><depth>3</depth></size><segmented>0</segmented><object><name>face</name><pose>Unspecified</pose><truncated>0</truncated><difficult>0</difficult><bndbox><xmin>408</xmin><ymin>116</ymin><xmax>574</xmax><ymax>310</ymax></bndbox></object><object><name>face</name><pose>Unspecified</pose><truncated>0</truncated><difficult>0</difficult><bndbox><xmin>638</xmin><ymin>314</ymin><xmax>720</xmax><ymax>438</ymax></bndbox></object></annotation>