<annotation><folder>34--Baseball</folder><filename>34_Baseball_Baseball_34_270.jpg</filename><path>34--Baseball/34_Baseball_Baseball_34_270.jpg</path><source><database>Unknown</database></source><size><width>1024</width><height>820</height><depth>3</depth></size><segmented>0</segmented><object><name>face</name><pose>Unspecified</pose><truncated>0</truncated><difficult>0</difficult><bndbox><xmin>205</xmin><ymin>324</ymin><xmax>235</xmax><ymax>363</ymax></bndbox></object><object><name>face</name><pose>Unspecified</pose><truncated>0</truncated><difficult>0</difficult><bndbox><xmin>833</xmin><ymin>501</ymin><xmax>848</xmax><ymax>523</ymax></bndbox></object><object><name>face</name><pose>Unspecified</pose><truncated>0</truncated><difficult>0</difficult><bndbox><xmin>630</xmin><ymin>494</ymin><xmax>643</xmax><ymax>511</ymax></bndbox></object><object><name>face</name><pose>Unspecified</pose><truncated>0</truncated><difficult>0</difficult><bndbox><xmin>776</xmin><ymin>537</ymin><xmax>791</xmax><ymax>561</ymax></bndbox></object></annotation>