<annotation><folder>34--Baseball</folder><filename>34_Baseball_Baseball_34_422.jpg</filename><path>34--Baseball/34_Baseball_Baseball_34_422.jpg</path><source><database>Unknown</database></source><size><width>1024</width><height>834</height><depth>3</depth></size><segmented>0</segmented><object><name>face</name><pose>Unspecified</pose><truncated>0</truncated><difficult>0</difficult><bndbox><xmin>170</xmin><ymin>122</ymin><xmax>248</xmax><ymax>196</ymax></bndbox></object><object><name>face</name><pose>Unspecified</pose><truncated>0</truncated><difficult>0</difficult><bndbox><xmin>444</xmin><ymin>64</ymin><xmax>518</xmax><ymax>180</ymax></bndbox></object></annotation>