<annotation><folder>35--Basketball</folder><filename>35_Basketball_basketballgame_ball_35_200.jpg</filename><path>35--Basketball/35_Basketball_basketballgame_ball_35_200.jpg</path><source><database>Unknown</database></source><size><width>1024</width><height>1416</height><depth>3</depth></size><segmented>0</segmented><object><name>face</name><pose>Unspecified</pose><truncated>0</truncated><difficult>0</difficult><bndbox><xmin>661</xmin><ymin>147</ymin><xmax>766</xmax><ymax>302</ymax></bndbox></object><object><name>face</name><pose>Unspecified</pose><truncated>0</truncated><difficult>0</difficult><bndbox><xmin>260</xmin><ymin>86</ymin><xmax>371</xmax><ymax>274</ymax></bndbox></object></annotation>