<annotation><folder>35--Basketball</folder><filename>35_Basketball_basketballgame_ball_35_296.jpg</filename><path>35--Basketball/35_Basketball_basketballgame_ball_35_296.jpg</path><source><database>Unknown</database></source><size><width>1024</width><height>1473</height><depth>3</depth></size><segmented>0</segmented><object><name>face</name><pose>Unspecified</pose><truncated>0</truncated><difficult>0</difficult><bndbox><xmin>374</xmin><ymin>147</ymin><xmax>633</xmax><ymax>530</ymax></bndbox></object></annotation>