<annotation><folder>35--Basketball</folder><filename>35_Basketball_playingbasketball_35_415.jpg</filename><path>35--Basketball/35_Basketball_playingbasketball_35_415.jpg</path><source><database>Unknown</database></source><size><width>1024</width><height>1579</height><depth>3</depth></size><segmented>0</segmented><object><name>face</name><pose>Unspecified</pose><truncated>0</truncated><difficult>0</difficult><bndbox><xmin>534</xmin><ymin>1073</ymin><xmax>821</xmax><ymax>1206</ymax></bndbox></object></annotation>