<annotation><folder>35--Basketball</folder><filename>35_Basketball_basketballgame_ball_35_533.jpg</filename><path>35--Basketball/35_Basketball_basketballgame_ball_35_533.jpg</path><source><database>Unknown</database></source><size><width>1024</width><height>1535</height><depth>3</depth></size><segmented>0</segmented><object><name>face</name><pose>Unspecified</pose><truncated>0</truncated><difficult>0</difficult><bndbox><xmin>396</xmin><ymin>342</ymin><xmax>457</xmax><ymax>399</ymax></bndbox></object><object><name>face</name><pose>Unspecified</pose><truncated>0</truncated><difficult>0</difficult><bndbox><xmin>168</xmin><ymin>842</ymin><xmax>192</xmax><ymax>874</ymax></bndbox></object><object><name>face</name><pose>Unspecified</pose><truncated>0</truncated><difficult>0</difficult><bndbox><xmin>54</xmin><ymin>965</ymin><xmax>70</xmax><ymax>990</ymax></bndbox></object><object><name>face</name><pose>Unspecified</pose><truncated>0</truncated><difficult>0</difficult><bndbox><xmin>312</xmin><ymin>942</ymin><xmax>324</xmax><ymax>960</ymax></bndbox></object><object><name>face</name><pose>Unspecified</pose><truncated>0</truncated><difficult>0</difficult><bndbox><xmin>266</xmin><ymin>921</ymin><xmax>278</xmax><ymax>940</ymax></bndbox></object><object><name>face</name><pose>Unspecified</pose><truncated>0</truncated><difficult>0</difficult><bndbox><xmin>64</xmin><ymin>892</ymin><xmax>77</xmax><ymax>908</ymax></bndbox></object><object><name>face</name><pose>Unspecified</pose><truncated>0</truncated><difficult>0</difficult><bndbox><xmin>97</xmin><ymin>863</ymin><xmax>112</xmax><ymax>882</ymax></bndbox></object><object><name>face</name><pose>Unspecified</pose><truncated>0</truncated><difficult>0</difficult><bndbox><xmin>736</xmin><ymin>333</ymin><xmax>800</xmax><ymax>389</ymax></bndbox></object><object><name>face</name><pose>Unspecified</pose><truncated>0</truncated><difficult>0</difficult><bndbox><xmin>807</xmin><ymin>955</ymin><xmax>816</xmax><ymax>969</ymax></bndbox></object><object><name>face</name><pose>Unspecified</pose><truncated>0</truncated><difficult>0</difficult><bndbox><xmin>852</xmin><ymin>952</ymin><xmax>863</xmax><ymax>966</ymax></bndbox></object><object><name>face</name><pose>Unspecified</pose><truncated>0</truncated><difficult>0</difficult><bndbox><xmin>0</xmin><ymin>943</ymin><xmax>8</xmax><ymax>965</ymax></bndbox></object><object><name>face</name><pose>Unspecified</pose><truncated>0</truncated><difficult>0</difficult><bndbox><xmin>16</xmin><ymin>972</ymin><xmax>36</xmax><ymax>994</ymax></bndbox></object><object><name>face</name><pose>Unspecified</pose><truncated>0</truncated><difficult>0</difficult><bndbox><xmin>37</xmin><ymin>948</ymin><xmax>50</xmax><ymax>964</ymax></bndbox></object><object><name>face</name><pose>Unspecified</pose><truncated>0</truncated><difficult>0</difficult><bndbox><xmin>37</xmin><ymin>849</ymin><xmax>52</xmax><ymax>871</ymax></bndbox></object><object><name>face</name><pose>Unspecified</pose><truncated>0</truncated><difficult>0</difficult><bndbox><xmin>50</xmin><ymin>813</ymin><xmax>63</xmax><ymax>831</ymax></bndbox></object><object><name>face</name><pose>Unspecified</pose><truncated>0</truncated><difficult>0</difficult><bndbox><xmin>25</xmin><ymin>798</ymin><xmax>41</xmax><ymax>816</ymax></bndbox></object><object><name>face</name><pose>Unspecified</pose><truncated>0</truncated><difficult>0</difficult><bndbox><xmin>101</xmin><ymin>797</ymin><xmax>115</xmax><ymax>812</ymax></bndbox></object><object><name>face</name><pose>Unspecified</pose><truncated>0</truncated><difficult>0</difficult><bndbox><xmin>137</xmin><ymin>815</ymin><xmax>150</xmax><ymax>832</ymax></bndbox></object><object><name>face</name><pose>Unspecified</pose><truncated>0</truncated><difficult>0</difficult><bndbox><xmin>135</xmin><ymin>874</ymin><xmax>147</xmax><ymax>891</ymax></bndbox></object><object><name>face</name><pose>Unspecified</pose><truncated>0</truncated><difficult>0</difficult><bndbox><xmin>179</xmin><ymin>816</ymin><xmax>192</xmax><ymax>831</ymax></bndbox></object><object><name>face</name><pose>Unspecified</pose><truncated>0</truncated><difficult>0</difficult><bndbox><xmin>189</xmin><ymin>846</ymin><xmax>201</xmax><ymax>864</ymax></bndbox></object><object><name>face</name><pose>Unspecified</pose><truncated>0</truncated><difficult>0</difficult><bndbox><xmin>210</xmin><ymin>860</ymin><xmax>224</xmax><ymax>877</ymax></bndbox></object><object><name>face</name><pose>Unspecified</pose><truncated>0</truncated><difficult>0</difficult><bndbox><xmin>230</xmin><ymin>862</ymin><xmax>242</xmax><ymax>881</ymax></bndbox></object><object><name>face</name><pose>Unspecified</pose><truncated>0</truncated><difficult>0</difficult><bndbox><xmin>222</xmin><ymin>830</ymin><xmax>233</xmax><ymax>843</ymax></bndbox></object><object><name>face</name><pose>Unspecified</pose><truncated>0</truncated><difficult>0</difficult><bndbox><xmin>205</xmin><ymin>836</ymin><xmax>218</xmax><ymax>849</ymax></bndbox></object><object><name>face</name><pose>Unspecified</pose><truncated>0</truncated><difficult>0</difficult><bndbox><xmin>243</xmin><ymin>819</ymin><xmax>253</xmax><ymax>833</ymax></bndbox></object><object><name>face</name><pose>Unspecified</pose><truncated>0</truncated><difficult>0</difficult><bndbox><xmin>262</xmin><ymin>830</ymin><xmax>274</xmax><ymax>842</ymax></bndbox></object><object><name>face</name><pose>Unspecified</pose><truncated>0</truncated><difficult>0</difficult><bndbox><xmin>231</xmin><ymin>828</ymin><xmax>239</xmax><ymax>840</ymax></bndbox></object><object><name>face</name><pose>Unspecified</pose><truncated>0</truncated><difficult>0</difficult><bndbox><xmin>262</xmin><ymin>862</ymin><xmax>275</xmax><ymax>879</ymax></bndbox></object><object><name>face</name><pose>Unspecified</pose><truncated>0</truncated><difficult>0</difficult><bndbox><xmin>277</xmin><ymin>865</ymin><xmax>287</xmax><ymax>879</ymax></bndbox></object><object><name>face</name><pose>Unspecified</pose><truncated>0</truncated><difficult>0</difficult><bndbox><xmin>294</xmin><ymin>869</ymin><xmax>308</xmax><ymax>884</ymax></bndbox></object><object><name>face</name><pose>Unspecified</pose><truncated>0</truncated><difficult>0</difficult><bndbox><xmin>274</xmin><ymin>824</ymin><xmax>282</xmax><ymax>840</ymax></bndbox></object><object><name>face</name><pose>Unspecified</pose><truncated>0</truncated><difficult>0</difficult><bndbox><xmin>292</xmin><ymin>835</ymin><xmax>302</xmax><ymax>846</ymax></bndbox></object><object><name>face</name><pose>Unspecified</pose><truncated>0</truncated><difficult>0</difficult><bndbox><xmin>199</xmin><ymin>822</ymin><xmax>213</xmax><ymax>834</ymax></bndbox></object><object><name>face</name><pose>Unspecified</pose><truncated>0</truncated><difficult>0</difficult><bndbox><xmin>323</xmin><ymin>866</ymin><xmax>333</xmax><ymax>878</ymax></bndbox></object><object><name>face</name><pose>Unspecified</pose><truncated>0</truncated><difficult>0</difficult><bndbox><xmin>330</xmin><ymin>866</ymin><xmax>340</xmax><ymax>881</ymax></bndbox></object><object><name>face</name><pose>Unspecified</pose><truncated>0</truncated><difficult>0</difficult><bndbox><xmin>341</xmin><ymin>869</ymin><xmax>351</xmax><ymax>884</ymax></bndbox></object><object><name>face</name><pose>Unspecified</pose><truncated>0</truncated><difficult>0</difficult><bndbox><xmin>368</xmin><ymin>912</ymin><xmax>384</xmax><ymax>930</ymax></bndbox></object><object><name>face</name><pose>Unspecified</pose><truncated>0</truncated><difficult>0</difficult><bndbox><xmin>372</xmin><ymin>887</ymin><xmax>390</xmax><ymax>907</ymax></bndbox></object><object><name>face</name><pose>Unspecified</pose><truncated>0</truncated><difficult>0</difficult><bndbox><xmin>427</xmin><ymin>955</ymin><xmax>443</xmax><ymax>972</ymax></bndbox></object><object><name>face</name><pose>Unspecified</pose><truncated>0</truncated><difficult>0</difficult><bndbox><xmin>438</xmin><ymin>964</ymin><xmax>453</xmax><ymax>981</ymax></bndbox></object><object><name>face</name><pose>Unspecified</pose><truncated>0</truncated><difficult>0</difficult><bndbox><xmin>891</xmin><ymin>956</ymin><xmax>902</xmax><ymax>972</ymax></bndbox></object></annotation>