<annotation><folder>35--Basketball</folder><filename>35_Basketball_basketballgame_ball_35_433.jpg</filename><path>35--Basketball/35_Basketball_basketballgame_ball_35_433.jpg</path><source><database>Unknown</database></source><size><width>1024</width><height>1402</height><depth>3</depth></size><segmented>0</segmented><object><name>face</name><pose>Unspecified</pose><truncated>0</truncated><difficult>0</difficult><bndbox><xmin>71</xmin><ymin>571</ymin><xmax>90</xmax><ymax>595</ymax></bndbox></object><object><name>face</name><pose>Unspecified</pose><truncated>0</truncated><difficult>0</difficult><bndbox><xmin>72</xmin><ymin>596</ymin><xmax>86</xmax><ymax>620</ymax></bndbox></object><object><name>face</name><pose>Unspecified</pose><truncated>0</truncated><difficult>0</difficult><bndbox><xmin>113</xmin><ymin>506</ymin><xmax>155</xmax><ymax>566</ymax></bndbox></object><object><name>face</name><pose>Unspecified</pose><truncated>0</truncated><difficult>0</difficult><bndbox><xmin>182</xmin><ymin>491</ymin><xmax>227</xmax><ymax>558</ymax></bndbox></object><object><name>face</name><pose>Unspecified</pose><truncated>0</truncated><difficult>0</difficult><bndbox><xmin>235</xmin><ymin>551</ymin><xmax>266</xmax><ymax>586</ymax></bndbox></object><object><name>face</name><pose>Unspecified</pose><truncated>0</truncated><difficult>0</difficult><bndbox><xmin>314</xmin><ymin>576</ymin><xmax>333</xmax><ymax>599</ymax></bndbox></object><object><name>face</name><pose>Unspecified</pose><truncated>0</truncated><difficult>0</difficult><bndbox><xmin>345</xmin><ymin>572</ymin><xmax>361</xmax><ymax>593</ymax></bndbox></object><object><name>face</name><pose>Unspecified</pose><truncated>0</truncated><difficult>0</difficult><bndbox><xmin>52</xmin><ymin>615</ymin><xmax>60</xmax><ymax>628</ymax></bndbox></object><object><name>face</name><pose>Unspecified</pose><truncated>0</truncated><difficult>0</difficult><bndbox><xmin>687</xmin><ymin>544</ymin><xmax>718</xmax><ymax>586</ymax></bndbox></object><object><name>face</name><pose>Unspecified</pose><truncated>0</truncated><difficult>0</difficult><bndbox><xmin>693</xmin><ymin>503</ymin><xmax>725</xmax><ymax>541</ymax></bndbox></object><object><name>face</name><pose>Unspecified</pose><truncated>0</truncated><difficult>0</difficult><bndbox><xmin>783</xmin><ymin>596</ymin><xmax>816</xmax><ymax>643</ymax></bndbox></object><object><name>face</name><pose>Unspecified</pose><truncated>0</truncated><difficult>0</difficult><bndbox><xmin>856</xmin><ymin>532</ymin><xmax>874</xmax><ymax>554</ymax></bndbox></object><object><name>face</name><pose>Unspecified</pose><truncated>0</truncated><difficult>0</difficult><bndbox><xmin>888</xmin><ymin>520</ymin><xmax>914</xmax><ymax>559</ymax></bndbox></object><object><name>face</name><pose>Unspecified</pose><truncated>0</truncated><difficult>0</difficult><bndbox><xmin>903</xmin><ymin>539</ymin><xmax>935</xmax><ymax>578</ymax></bndbox></object><object><name>face</name><pose>Unspecified</pose><truncated>0</truncated><difficult>0</difficult><bndbox><xmin>926</xmin><ymin>634</ymin><xmax>957</xmax><ymax>677</ymax></bndbox></object><object><name>face</name><pose>Unspecified</pose><truncated>0</truncated><difficult>0</difficult><bndbox><xmin>967</xmin><ymin>545</ymin><xmax>979</xmax><ymax>561</ymax></bndbox></object><object><name>face</name><pose>Unspecified</pose><truncated>0</truncated><difficult>0</difficult><bndbox><xmin>461</xmin><ymin>1113</ymin><xmax>564</xmax><ymax>1174</ymax></bndbox></object></annotation>