<annotation><folder>35--Basketball</folder><filename>35_Basketball_playingbasketball_35_111.jpg</filename><path>35--Basketball/35_Basketball_playingbasketball_35_111.jpg</path><source><database>Unknown</database></source><size><width>1024</width><height>1392</height><depth>3</depth></size><segmented>0</segmented><object><name>face</name><pose>Unspecified</pose><truncated>0</truncated><difficult>0</difficult><bndbox><xmin>418</xmin><ymin>122</ymin><xmax>595</xmax><ymax>383</ymax></bndbox></object></annotation>