<annotation><folder>35--Basketball</folder><filename>35_Basketball_playingbasketball_35_633.jpg</filename><path>35--Basketball/35_Basketball_playingbasketball_35_633.jpg</path><source><database>Unknown</database></source><size><width>1024</width><height>577</height><depth>3</depth></size><segmented>0</segmented><object><name>face</name><pose>Unspecified</pose><truncated>0</truncated><difficult>0</difficult><bndbox><xmin>505</xmin><ymin>180</ymin><xmax>580</xmax><ymax>250</ymax></bndbox></object><object><name>face</name><pose>Unspecified</pose><truncated>0</truncated><difficult>0</difficult><bndbox><xmin>792</xmin><ymin>84</ymin><xmax>836</xmax><ymax>137</ymax></bndbox></object></annotation>