<annotation><folder>35--Basketball</folder><filename>35_Basketball_Basketball_35_840.jpg</filename><path>35--Basketball/35_Basketball_Basketball_35_840.jpg</path><source><database>Unknown</database></source><size><width>1024</width><height>768</height><depth>3</depth></size><segmented>0</segmented><object><name>face</name><pose>Unspecified</pose><truncated>0</truncated><difficult>0</difficult><bndbox><xmin>370</xmin><ymin>38</ymin><xmax>500</xmax><ymax>212</ymax></bndbox></object><object><name>face</name><pose>Unspecified</pose><truncated>0</truncated><difficult>0</difficult><bndbox><xmin>302</xmin><ymin>50</ymin><xmax>378</xmax><ymax>126</ymax></bndbox></object></annotation>