<annotation><folder>35--Basketball</folder><filename>35_Basketball_playingbasketball_35_205.jpg</filename><path>35--Basketball/35_Basketball_playingbasketball_35_205.jpg</path><source><database>Unknown</database></source><size><width>1024</width><height>512</height><depth>3</depth></size><segmented>0</segmented><object><name>face</name><pose>Unspecified</pose><truncated>0</truncated><difficult>0</difficult><bndbox><xmin>632</xmin><ymin>227</ymin><xmax>648</xmax><ymax>247</ymax></bndbox></object><object><name>face</name><pose>Unspecified</pose><truncated>0</truncated><difficult>0</difficult><bndbox><xmin>436</xmin><ymin>239</ymin><xmax>451</xmax><ymax>267</ymax></bndbox></object><object><name>face</name><pose>Unspecified</pose><truncated>0</truncated><difficult>0</difficult><bndbox><xmin>817</xmin><ymin>334</ymin><xmax>830</xmax><ymax>351</ymax></bndbox></object></annotation>