<annotation><folder>35--Basketball</folder><filename>35_Basketball_basketballgame_ball_35_120.jpg</filename><path>35--Basketball/35_Basketball_basketballgame_ball_35_120.jpg</path><source><database>Unknown</database></source><size><width>1024</width><height>1331</height><depth>3</depth></size><segmented>0</segmented><object><name>face</name><pose>Unspecified</pose><truncated>0</truncated><difficult>0</difficult><bndbox><xmin>302</xmin><ymin>376</ymin><xmax>428</xmax><ymax>466</ymax></bndbox></object><object><name>face</name><pose>Unspecified</pose><truncated>0</truncated><difficult>0</difficult><bndbox><xmin>658</xmin><ymin>301</ymin><xmax>760</xmax><ymax>394</ymax></bndbox></object><object><name>face</name><pose>Unspecified</pose><truncated>0</truncated><difficult>0</difficult><bndbox><xmin>165</xmin><ymin>822</ymin><xmax>241</xmax><ymax>909</ymax></bndbox></object><object><name>face</name><pose>Unspecified</pose><truncated>0</truncated><difficult>0</difficult><bndbox><xmin>748</xmin><ymin>1173</ymin><xmax>775</xmax><ymax>1212</ymax></bndbox></object><object><name>face</name><pose>Unspecified</pose><truncated>0</truncated><difficult>0</difficult><bndbox><xmin>795</xmin><ymin>1196</ymin><xmax>816</xmax><ymax>1231</ymax></bndbox></object><object><name>face</name><pose>Unspecified</pose><truncated>0</truncated><difficult>0</difficult><bndbox><xmin>815</xmin><ymin>1239</ymin><xmax>847</xmax><ymax>1278</ymax></bndbox></object><object><name>face</name><pose>Unspecified</pose><truncated>0</truncated><difficult>0</difficult><bndbox><xmin>870</xmin><ymin>1210</ymin><xmax>897</xmax><ymax>1246</ymax></bndbox></object><object><name>face</name><pose>Unspecified</pose><truncated>0</truncated><difficult>0</difficult><bndbox><xmin>934</xmin><ymin>1236</ymin><xmax>962</xmax><ymax>1274</ymax></bndbox></object><object><name>face</name><pose>Unspecified</pose><truncated>0</truncated><difficult>0</difficult><bndbox><xmin>470</xmin><ymin>1164</ymin><xmax>494</xmax><ymax>1195</ymax></bndbox></object><object><name>face</name><pose>Unspecified</pose><truncated>0</truncated><difficult>0</difficult><bndbox><xmin>375</xmin><ymin>1127</ymin><xmax>399</xmax><ymax>1151</ymax></bndbox></object><object><name>face</name><pose>Unspecified</pose><truncated>0</truncated><difficult>0</difficult><bndbox><xmin>25</xmin><ymin>1214</ymin><xmax>69</xmax><ymax>1261</ymax></bndbox></object><object><name>face</name><pose>Unspecified</pose><truncated>0</truncated><difficult>0</difficult><bndbox><xmin>117</xmin><ymin>1230</ymin><xmax>152</xmax><ymax>1276</ymax></bndbox></object><object><name>face</name><pose>Unspecified</pose><truncated>0</truncated><difficult>0</difficult><bndbox><xmin>5</xmin><ymin>1182</ymin><xmax>38</xmax><ymax>1225</ymax></bndbox></object><object><name>face</name><pose>Unspecified</pose><truncated>0</truncated><difficult>0</difficult><bndbox><xmin>778</xmin><ymin>1162</ymin><xmax>806</xmax><ymax>1192</ymax></bndbox></object><object><name>face</name><pose>Unspecified</pose><truncated>0</truncated><difficult>0</difficult><bndbox><xmin>832</xmin><ymin>1180</ymin><xmax>859</xmax><ymax>1205</ymax></bndbox></object></annotation>