<annotation><folder>35--Basketball</folder><filename>35_Basketball_playingbasketball_35_21.jpg</filename><path>35--Basketball/35_Basketball_playingbasketball_35_21.jpg</path><source><database>Unknown</database></source><size><width>1024</width><height>682</height><depth>3</depth></size><segmented>0</segmented><object><name>face</name><pose>Unspecified</pose><truncated>0</truncated><difficult>0</difficult><bndbox><xmin>440</xmin><ymin>194</ymin><xmax>449</xmax><ymax>207</ymax></bndbox></object><object><name>face</name><pose>Unspecified</pose><truncated>0</truncated><difficult>0</difficult><bndbox><xmin>485</xmin><ymin>178</ymin><xmax>512</xmax><ymax>217</ymax></bndbox></object><object><name>face</name><pose>Unspecified</pose><truncated>0</truncated><difficult>0</difficult><bndbox><xmin>571</xmin><ymin>169</ymin><xmax>597</xmax><ymax>202</ymax></bndbox></object></annotation>