<annotation><folder>35--Basketball</folder><filename>35_Basketball_Basketball_35_783.jpg</filename><path>35--Basketball/35_Basketball_Basketball_35_783.jpg</path><source><database>Unknown</database></source><size><width>1024</width><height>1351</height><depth>3</depth></size><segmented>0</segmented><object><name>face</name><pose>Unspecified</pose><truncated>0</truncated><difficult>0</difficult><bndbox><xmin>459</xmin><ymin>137</ymin><xmax>805</xmax><ymax>665</ymax></bndbox></object></annotation>