<annotation><folder>35--Basketball</folder><filename>35_Basketball_playingbasketball_35_95.jpg</filename><path>35--Basketball/35_Basketball_playingbasketball_35_95.jpg</path><source><database>Unknown</database></source><size><width>1024</width><height>1424</height><depth>3</depth></size><segmented>0</segmented><object><name>face</name><pose>Unspecified</pose><truncated>0</truncated><difficult>0</difficult><bndbox><xmin>545</xmin><ymin>415</ymin><xmax>609</xmax><ymax>524</ymax></bndbox></object></annotation>