<annotation><folder>3--Riot</folder><filename>3_Riot_Riot_3_785.jpg</filename><path>3--Riot/3_Riot_Riot_3_785.jpg</path><source><database>Unknown</database></source><size><width>1024</width><height>768</height><depth>3</depth></size><segmented>0</segmented><object><name>face</name><pose>Unspecified</pose><truncated>0</truncated><difficult>0</difficult><bndbox><xmin>278</xmin><ymin>220</ymin><xmax>362</xmax><ymax>314</ymax></bndbox></object><object><name>face</name><pose>Unspecified</pose><truncated>0</truncated><difficult>0</difficult><bndbox><xmin>454</xmin><ymin>176</ymin><xmax>528</xmax><ymax>276</ymax></bndbox></object></annotation>