<annotation><folder>3--Riot</folder><filename>3_Riot_Riot_3_860.jpg</filename><path>3--Riot/3_Riot_Riot_3_860.jpg</path><source><database>Unknown</database></source><size><width>1024</width><height>700</height><depth>3</depth></size><segmented>0</segmented><object><name>face</name><pose>Unspecified</pose><truncated>0</truncated><difficult>0</difficult><bndbox><xmin>631</xmin><ymin>147</ymin><xmax>735</xmax><ymax>286</ymax></bndbox></object><object><name>face</name><pose>Unspecified</pose><truncated>0</truncated><difficult>0</difficult><bndbox><xmin>843</xmin><ymin>197</ymin><xmax>885</xmax><ymax>250</ymax></bndbox></object><object><name>face</name><pose>Unspecified</pose><truncated>0</truncated><difficult>0</difficult><bndbox><xmin>941</xmin><ymin>232</ymin><xmax>980</xmax><ymax>279</ymax></bndbox></object><object><name>face</name><pose>Unspecified</pose><truncated>0</truncated><difficult>0</difficult><bndbox><xmin>538</xmin><ymin>253</ymin><xmax>557</xmax><ymax>278</ymax></bndbox></object><object><name>face</name><pose>Unspecified</pose><truncated>0</truncated><difficult>0</difficult><bndbox><xmin>2</xmin><ymin>286</ymin><xmax>26</xmax><ymax>311</ymax></bndbox></object><object><name>face</name><pose>Unspecified</pose><truncated>0</truncated><difficult>0</difficult><bndbox><xmin>689</xmin><ymin>242</ymin><xmax>723</xmax><ymax>291</ymax></bndbox></object><object><name>face</name><pose>Unspecified</pose><truncated>0</truncated><difficult>0</difficult><bndbox><xmin>23</xmin><ymin>281</ymin><xmax>43</xmax><ymax>304</ymax></bndbox></object><object><name>face</name><pose>Unspecified</pose><truncated>0</truncated><difficult>0</difficult><bndbox><xmin>759</xmin><ymin>241</ymin><xmax>776</xmax><ymax>266</ymax></bndbox></object></annotation>