<annotation><folder>3--Riot</folder><filename>3_Riot_Riot_3_228.jpg</filename><path>3--Riot/3_Riot_Riot_3_228.jpg</path><source><database>Unknown</database></source><size><width>1024</width><height>684</height><depth>3</depth></size><segmented>0</segmented><object><name>face</name><pose>Unspecified</pose><truncated>0</truncated><difficult>0</difficult><bndbox><xmin>118</xmin><ymin>248</ymin><xmax>180</xmax><ymax>330</ymax></bndbox></object><object><name>face</name><pose>Unspecified</pose><truncated>0</truncated><difficult>0</difficult><bndbox><xmin>418</xmin><ymin>250</ymin><xmax>484</xmax><ymax>330</ymax></bndbox></object><object><name>face</name><pose>Unspecified</pose><truncated>0</truncated><difficult>0</difficult><bndbox><xmin>634</xmin><ymin>104</ymin><xmax>696</xmax><ymax>186</ymax></bndbox></object></annotation>