<annotation><folder>3--Riot</folder><filename>3_Riot_Riot_3_109.jpg</filename><path>3--Riot/3_Riot_Riot_3_109.jpg</path><source><database>Unknown</database></source><size><width>1024</width><height>637</height><depth>3</depth></size><segmented>0</segmented><object><name>face</name><pose>Unspecified</pose><truncated>0</truncated><difficult>0</difficult><bndbox><xmin>82</xmin><ymin>162</ymin><xmax>94</xmax><ymax>181</ymax></bndbox></object><object><name>face</name><pose>Unspecified</pose><truncated>0</truncated><difficult>0</difficult><bndbox><xmin>148</xmin><ymin>173</ymin><xmax>166</xmax><ymax>197</ymax></bndbox></object><object><name>face</name><pose>Unspecified</pose><truncated>0</truncated><difficult>0</difficult><bndbox><xmin>172</xmin><ymin>172</ymin><xmax>192</xmax><ymax>197</ymax></bndbox></object><object><name>face</name><pose>Unspecified</pose><truncated>0</truncated><difficult>0</difficult><bndbox><xmin>367</xmin><ymin>172</ymin><xmax>382</xmax><ymax>192</ymax></bndbox></object><object><name>face</name><pose>Unspecified</pose><truncated>0</truncated><difficult>0</difficult><bndbox><xmin>725</xmin><ymin>248</ymin><xmax>749</xmax><ymax>275</ymax></bndbox></object><object><name>face</name><pose>Unspecified</pose><truncated>0</truncated><difficult>0</difficult><bndbox><xmin>866</xmin><ymin>155</ymin><xmax>885</xmax><ymax>181</ymax></bndbox></object><object><name>face</name><pose>Unspecified</pose><truncated>0</truncated><difficult>0</difficult><bndbox><xmin>923</xmin><ymin>148</ymin><xmax>942</xmax><ymax>173</ymax></bndbox></object><object><name>face</name><pose>Unspecified</pose><truncated>0</truncated><difficult>0</difficult><bndbox><xmin>977</xmin><ymin>151</ymin><xmax>999</xmax><ymax>179</ymax></bndbox></object><object><name>face</name><pose>Unspecified</pose><truncated>0</truncated><difficult>0</difficult><bndbox><xmin>1010</xmin><ymin>122</ymin><xmax>1024</xmax><ymax>172</ymax></bndbox></object><object><name>face</name><pose>Unspecified</pose><truncated>0</truncated><difficult>0</difficult><bndbox><xmin>785</xmin><ymin>140</ymin><xmax>797</xmax><ymax>154</ymax></bndbox></object><object><name>face</name><pose>Unspecified</pose><truncated>0</truncated><difficult>0</difficult><bndbox><xmin>811</xmin><ymin>147</ymin><xmax>829</xmax><ymax>167</ymax></bndbox></object><object><name>face</name><pose>Unspecified</pose><truncated>0</truncated><difficult>0</difficult><bndbox><xmin>714</xmin><ymin>155</ymin><xmax>728</xmax><ymax>174</ymax></bndbox></object><object><name>face</name><pose>Unspecified</pose><truncated>0</truncated><difficult>0</difficult><bndbox><xmin>941</xmin><ymin>128</ymin><xmax>950</xmax><ymax>141</ymax></bndbox></object><object><name>face</name><pose>Unspecified</pose><truncated>0</truncated><difficult>0</difficult><bndbox><xmin>411</xmin><ymin>266</ymin><xmax>428</xmax><ymax>281</ymax></bndbox></object><object><name>face</name><pose>Unspecified</pose><truncated>0</truncated><difficult>0</difficult><bndbox><xmin>210</xmin><ymin>152</ymin><xmax>218</xmax><ymax>160</ymax></bndbox></object><object><name>face</name><pose>Unspecified</pose><truncated>0</truncated><difficult>0</difficult><bndbox><xmin>197</xmin><ymin>160</ymin><xmax>208</xmax><ymax>171</ymax></bndbox></object><object><name>face</name><pose>Unspecified</pose><truncated>0</truncated><difficult>0</difficult><bndbox><xmin>235</xmin><ymin>199</ymin><xmax>253</xmax><ymax>225</ymax></bndbox></object><object><name>face</name><pose>Unspecified</pose><truncated>0</truncated><difficult>0</difficult><bndbox><xmin>455</xmin><ymin>174</ymin><xmax>477</xmax><ymax>206</ymax></bndbox></object><object><name>face</name><pose>Unspecified</pose><truncated>0</truncated><difficult>0</difficult><bndbox><xmin>911</xmin><ymin>142</ymin><xmax>920</xmax><ymax>154</ymax></bndbox></object></annotation>