<annotation><folder>3--Riot</folder><filename>3_Riot_Riot_3_122.jpg</filename><path>3--Riot/3_Riot_Riot_3_122.jpg</path><source><database>Unknown</database></source><size><width>1024</width><height>685</height><depth>3</depth></size><segmented>0</segmented><object><name>face</name><pose>Unspecified</pose><truncated>0</truncated><difficult>0</difficult><bndbox><xmin>395</xmin><ymin>147</ymin><xmax>415</xmax><ymax>177</ymax></bndbox></object><object><name>face</name><pose>Unspecified</pose><truncated>0</truncated><difficult>0</difficult><bndbox><xmin>277</xmin><ymin>174</ymin><xmax>292</xmax><ymax>194</ymax></bndbox></object><object><name>face</name><pose>Unspecified</pose><truncated>0</truncated><difficult>0</difficult><bndbox><xmin>291</xmin><ymin>155</ymin><xmax>305</xmax><ymax>175</ymax></bndbox></object><object><name>face</name><pose>Unspecified</pose><truncated>0</truncated><difficult>0</difficult><bndbox><xmin>183</xmin><ymin>128</ymin><xmax>205</xmax><ymax>163</ymax></bndbox></object><object><name>face</name><pose>Unspecified</pose><truncated>0</truncated><difficult>0</difficult><bndbox><xmin>0</xmin><ymin>158</ymin><xmax>26</xmax><ymax>201</ymax></bndbox></object><object><name>face</name><pose>Unspecified</pose><truncated>0</truncated><difficult>0</difficult><bndbox><xmin>57</xmin><ymin>148</ymin><xmax>74</xmax><ymax>176</ymax></bndbox></object><object><name>face</name><pose>Unspecified</pose><truncated>0</truncated><difficult>0</difficult><bndbox><xmin>872</xmin><ymin>154</ymin><xmax>886</xmax><ymax>170</ymax></bndbox></object><object><name>face</name><pose>Unspecified</pose><truncated>0</truncated><difficult>0</difficult><bndbox><xmin>628</xmin><ymin>187</ymin><xmax>659</xmax><ymax>232</ymax></bndbox></object><object><name>face</name><pose>Unspecified</pose><truncated>0</truncated><difficult>0</difficult><bndbox><xmin>506</xmin><ymin>145</ymin><xmax>520</xmax><ymax>163</ymax></bndbox></object><object><name>face</name><pose>Unspecified</pose><truncated>0</truncated><difficult>0</difficult><bndbox><xmin>436</xmin><ymin>158</ymin><xmax>453</xmax><ymax>179</ymax></bndbox></object></annotation>